	dl_endopeptidase-unclustered	dl_endopeptidase-mmseqs_cluster	dl_endopeptidase-foldseek_cluster
0	A0A7S8CCP0	A0A7S8CCP0	A0A410WPK4
1	A0A928LPM8	A0A928LPM8	
2	A0A413G4S5	A0A928LPM8	
3	A0A926IJ38	A0A928LPM8	
4	A0A498CNA2	A0A928LPM8	
5	A0A845RI86	A0A928LPM8	
6	A0A845SXI2	A0A928LPM8	
7	A0A3A9IJD7	A0A928LPM8	
8	A0A1Y4MUN7	A0A928LPM8	
9	A0A3C1LY33	A0A928LPM8	
10	A0A3B9VTI7	A0A928LPM8	
11	A0A6N2V297	A0A928LPM8	
12	A0A3D0NTZ4	A0A928LPM8	
13	A7VT68	A0A928LPM8	
14	A0A1C5YFQ8	A0A928LPM8	
15	A0A3A9GL57	A0A928LPM8	
16	A0A928K5J0	A0A928LPM8	
17	A0A143ZRA8	A0A928LPM8	
18	A0A1C5LK98	A0A928LPM8	
19	A0A1H8CKK5	A0A928LPM8	
20	A0A926I4N9	A0A928LPM8	
21	A0A926EA13	A0A928LPM8	
22	A0A0A1Q409	A0A0A1Q409	C0ZCP7
23	A0A1E2RWF6	A0A0A1Q409	C0ZCP7
24	A0A539CXW5	A0A0A1Q409	C0ZCP7
25	A0A380W5X6	A0A0A1Q409	C0ZCP7
26	A0A8F7ZJ53	A0A0A1Q409	C0ZCP7
27	A0A1E3H7T8	A0A0A1Q409	C0ZCP7
28	A0A564FTZ9	A0A0A1Q409	C0ZCP7
29	A0A509EHP3	A0A0A1Q409	C0ZCP7
30	A0A0H5BEK4	A0A0A1Q409	C0ZCP7
31	A0A174FMR5	A0A174FMR5	A0A348AMN4
32	A0A174C4S4	A0A174FMR5	A0A348AMN4
33	A0A1C6DZ40	A0A174FMR5	A0A348AMN4
34	A0A174DPP8	A0A174FMR5	A0A348AMN4
35	A0A1C6FHR0	A0A174FMR5	A0A348AMN4
36	A0A173RM29	A0A174FMR5	A0A348AMN4
37	A0A174TPR8	A0A174FMR5	A0A348AMN4
38	A0A173UKT6	A0A174FMR5	A0A348AMN4
39	A0A6N2QZH2	A0A174FMR5	A0A348AMN4
40	A0A1C6BYD8	A0A1C6BYD8	A0A829ZMP2
41	A0A1V5L937	A0A1V5L937	A0A1Y6AQ80
42	A0A2X2SSC2	A0A2X2SSC2	A0A2X2SSC2
43	A0A383TZK3	A0A383TZK3	A0A1V5YPB2
44	A0A376GF05	A0A383TZK3	A0A1V5YPB2
45	A0A4P6LVN5	A0A4P6LVN5	A0A7U9RTF9
46	A0A5J4J4S3	A0A5J4J4S3	A0A348AMB8
47	A0A6N2XN37	A0A6N2XN37	A0A348AMB8
48	A0A1H9S259	A0A1H9S259	R5E8N9
49	A0A368XG69	A0A1H9S259	R5E8N9
50	A0A0U1KKZ9	A0A1H9S259	R5E8N9
51	A0A366E6W2	A0A1H9S259	R5E8N9
52	A0A1G8YV69	A0A1H9S259	R5E8N9
53	A0A1G9R0B8	A0A1H9S259	R5E8N9
54	A0A841KYX2	A0A841KYX2	A0A0P8W7Z2
55	A0A1M6MFD1	A0A841KYX2	A0A0P8W7Z2
56	A0A7U9NG69	A0A7U9NG69	A0A1V5LKA0
57	A0A1C6JJG3	A0A7U9NG69	A0A1V5LKA0
58	A0A7U9MPR8	A0A7U9NG69	A0A1V5LKA0
59	A0A7U9MW06	A0A7U9NG69	A0A1V5LKA0
60	A0A1C5PT26	A0A7U9NG69	A0A1V5LKA0
61	A0A173T002	A0A7U9NG69	A0A1V5LKA0
62	A0A143X992	A0A143X992	A0A6N2TU31
63	A0A251Z262	A0A251Z262	A0A168FWE9
64	A0A251XWU1	A0A251Z262	A0A168FWE9
65	A0A251YMT2	A0A251Z262	A0A168FWE9
66	A0A378YYK5	A0A378YYK5	A0A348AMN4
67	A0A239SK73	A0A378YYK5	A0A348AMN4
68	A0A378YZD1	A0A378YYK5	A0A348AMN4
69	A0A2P6UX63	A0A378YYK5	A0A348AMN4
70	A0A5E4ZCS8	A0A378YYK5	A0A348AMN4
71	A0A6N3BQL0	A0A6N3BQL0	A0A348AMN4
72	A0A133S199	A0A6N3BQL0	A0A348AMN4
73	A0A239ZEX4	A0A6N3BQL0	A0A348AMN4
74	C0QS73	C0QS73	C0QS73
75	A0A0S2HUS6	A0A0S2HUS6	A0A0S2HUS6
76	A0A4R7RUE4	A0A4R7RUE4	A0A4R7RUE4
77	D6YTN7	D6YTN7	D6YTN7
78	A0A4R3KK00	A0A4R3KK00	A0A1I0DL10
79	A0A0D1WDC9	A0A4R3KK00	A0A1I0DL10
80	A0A0U5ATN0	A0A4R3KK00	A0A1I0DL10
81	U1WU05	A0A4R3KK00	A0A1I0DL10
82	A0A1G8D0L4	A0A4R3KK00	A0A1I0DL10
83	A0A1C5PI34	A0A1C5PI34	A0A6N2TU31
84	A0A1C6CM46	A0A1C6CM46	A0A6N2TU31
85	A0A1C5NTX1	A0A1C6CM46	A0A6N2TU31
86	A0A6N3HJC1	A0A1C6CM46	A0A6N2TU31
87	A0A0F0CGA5	A0A1C6CM46	A0A6N2TU31
88	A0A1V5LKA0	A0A1V5LKA0	A0A1V5LKA0
89	A0A1X9MM83	A0A1X9MM83	A0A1X9MM83
90	A0A2K8P6E0	A0A2K8P6E0	A0A1V5LKA0
91	A0A4P6LW61	A0A4P6LW61	A0A174TDS3
92	A0A5K7WW72	A0A5K7WW72	A0A348AMB8
93	A0A917VZF3	A0A5K7WW72	A0A348AMB8
94	A0A6N3DKK2	A0A6N3DKK2	A0A348AMB8
95	A0A8D3WV90	A0A8D3WV90	
96	R6LZ75	R6LZ75	R7C958
97	R5RQM8	R6LZ75	R7C958
98	R6LRL2	R6LZ75	R7C958
99	A0A554JQZ9	A0A554JQZ9	A0A554JQZ9
100	A0A143ZTT5	A0A143ZTT5	A0A6V8LYJ9
101	A0A140L496	A0A140L496	A0A2N9BB34
102	A0A2K9E4F8	A0A140L496	A0A2N9BB34
103	A0A1G8SQW0	A0A1G8SQW0	A0A1G8SQW0
104	A0A1V5PM79	A0A1V5PM79	A0A136K0C9
105	A0A7T1F3W4	A0A7T1F3W4	A0A829ZMP2
106	A0A837XVR4	A0A837XVR4	A0A6V8LYJ9
107	A0A6H2JPJ4	A0A837XVR4	A0A6V8LYJ9
108	A0A4R6HSY7	A0A837XVR4	A0A6V8LYJ9
109	A0A1Q9G157	A0A837XVR4	A0A6V8LYJ9
110	A0A1V5U3I2	A0A1V5U3I2	A0A0P8W7Z2
111	A0A1Y5TI89	A0A1Y5TI89	A0A246KEF4
112	A0A330LFL9	A0A330LFL9	A0A6N2TU31
113	A0A4U9RNW5	A0A4U9RNW5	A0A4R1N543
114	A0A1M6KDJ0	A0A4U9RNW5	A0A4R1N543
115	A0A1H3MYD6	A0A4U9RNW5	A0A4R1N543
116	A0A078KUT8	A0A4U9RNW5	A0A4R1N543
117	A0A1M4M1X6	A0A4U9RNW5	A0A4R1N543
118	A0A1M5WWJ8	A0A4U9RNW5	A0A4R1N543
119	A0A369ATX5	A0A4U9RNW5	A0A4R1N543
120	A0A1V5Y4P5	A0A4U9RNW5	A0A4R1N543
121	A0A4R3MQW4	A0A4U9RNW5	A0A4R1N543
122	K4L614	A0A4U9RNW5	A0A4R1N543
123	A0A0F2JDV4	A0A4U9RNW5	A0A4R1N543
124	F0T1Z5	A0A4U9RNW5	A0A4R1N543
125	A0A0L0WEJ1	A0A4U9RNW5	A0A4R1N543
126	A0A542AHG0	A0A4U9RNW5	A0A4R1N543
127	A0A1M5TG71	A0A4U9RNW5	A0A4R1N543
128	A0A239ZDL2	A0A4U9RNW5	A0A4R1N543
129	A0A2X2VZ08	A0A4U9RNW5	A0A4R1N543
130	A0A1M5R8C5	A0A4U9RNW5	A0A4R1N543
131	A0A1M6DJP2	A0A4U9RNW5	A0A4R1N543
132	A0A2K9EB27	A0A4U9RNW5	A0A4R1N543
133	W4V799	A0A4U9RNW5	A0A4R1N543
134	G8LTS1	A0A4U9RNW5	A0A4R1N543
135	A0A1W1VF64	A0A4U9RNW5	A0A4R1N543
136	A0A1M6M092	A0A4U9RNW5	A0A4R1N543
137	A0A1M6N4A9	A0A4U9RNW5	A0A4R1N543
138	A0A1W1ZZ31	A0A4U9RNW5	A0A4R1N543
139	A0A0P8X0D7	A0A4U9RNW5	A0A4R1N543
140	A0A366I736	A0A4U9RNW5	A0A4R1N543
141	A0A151B4C5	A0A4U9RNW5	A0A4R1N543
142	A0A2T0BM97	A0A4U9RNW5	A0A4R1N543
143	A0A1G9HCL7	A0A4U9RNW5	A0A4R1N543
144	A0A4R2KN88	A0A4U9RNW5	A0A4R1N543
145	A0A2S6FZJ5	A0A4U9RNW5	A0A4R1N543
146	A0A166S1R3	A0A4U9RNW5	A0A4R1N543
147	W6N2U8	A0A4U9RNW5	A0A4R1N543
148	A0A4P8A716	A0A4U9RNW5	A0A4R1N543
149	A0A1A6AUL8	A0A4U9RNW5	A0A4R1N543
150	A0A0H3J291	A0A4U9RNW5	A0A4R1N543
151	A0A829IB11	A0A4U9RNW5	A0A4R1N543
152	A0A1J1CV19	A0A4U9RNW5	A0A4R1N543
153	A0A841KWI1	A0A4U9RNW5	A0A4R1N543
154	A0A1L3NIS2	A0A4U9RNW5	A0A4R1N543
155	A0A1M4N9R0	A0A4U9RNW5	A0A4R1N543
156	A0A6N8I3S6	A0A4U9RNW5	A0A4R1N543
157	A0A1M5NG66	A0A4U9RNW5	A0A4R1N543
158	A0A140L0M6	A0A4U9RNW5	A0A4R1N543
159	Q897X5	A0A4U9RNW5	A0A4R1N543
160	A0A1T5M7A5	A0A4U9RNW5	A0A4R1N543
161	A0A7U4JN00	A0A4U9RNW5	A0A4R1N543
162	A0A0E1KUF3	A0A4U9RNW5	A0A4R1N543
163	A0A8S0YF99	A0A8S0YF99	
164	A0A1M5VYK8	A0A1M5VYK8	A0A4R1N543
165	A0A097AQH5	A0A097AQH5	A0A348AMB8
166	A0A1V5F347	A0A1V5F347	A0A1V5YPB2
167	A0A2H5YNU4	A0A2H5YNU4	A0A829ZMP2
168	A0A422M907	A0A422M907	A0A422M907
169	A0A7M4DGD1	A0A7M4DGD1	A0A518C016
170	I0JQX9	I0JQX9	I0JQX9
171	A0A024Q8L6	A0A024Q8L6	A0A1G8SQW0
172	W9AD91	A0A024Q8L6	A0A1G8SQW0
173	A0A0U9H9G9	A0A024Q8L6	A0A1G8SQW0
174	A0A511UW83	A0A024Q8L6	A0A1G8SQW0
175	A0A1C5QEB1	A0A1C5QEB1	A0A1Y6AQ80
176	A0A6N3A1S5	A0A1C5QEB1	A0A1Y6AQ80
177	A0A1C6CHR2	A0A1C5QEB1	A0A1Y6AQ80
178	A0A6N2ZEM6	A0A1C5QEB1	A0A1Y6AQ80
179	A0A174E8P5	A0A1C5QEB1	A0A1Y6AQ80
180	A0A1H0WYG5	A0A1H0WYG5	A0A6N2TU31
181	A0A562JGS4	A0A562JGS4	A0A562JGS4
182	A0A837XVW0	A0A837XVW0	A0A1G8SQW0
183	A0A7U5D4S4	A0A837XVW0	A0A1G8SQW0
184	UPI0013B81320	A0A837XVW0	A0A1G8SQW0
185	UPI00155FFE64	A0A837XVW0	A0A1G8SQW0
186	UPI0022864AF2	A0A837XVW0	A0A1G8SQW0
187	UPI0022800D78	A0A837XVW0	A0A1G8SQW0
188	UPI00203B6123	A0A837XVW0	A0A1G8SQW0
189	A0A8G0S7I1	A0A837XVW0	A0A1G8SQW0
190	UPI000745E235	A0A837XVW0	A0A1G8SQW0
191	UPI001363BBCC	A0A837XVW0	A0A1G8SQW0
192	UPI0022815CEC	A0A837XVW0	A0A1G8SQW0
193	A0A6H2JRD4	A0A837XVW0	A0A1G8SQW0
194	A0A8G0TKA2	A0A837XVW0	A0A1G8SQW0
195	UPI0007726AF7	A0A837XVW0	A0A1G8SQW0
196	UPI0013748E59	A0A837XVW0	A0A1G8SQW0
197	UPI002281B2C3	A0A837XVW0	A0A1G8SQW0
198	A0A8I1WEY2	A0A837XVW0	A0A1G8SQW0
199	UPI0008404D8A	A0A837XVW0	A0A1G8SQW0
200	UPI002281E593	A0A837XVW0	A0A1G8SQW0
201	UPI000846E041	A0A837XVW0	A0A1G8SQW0
202	UPI0014233C86	A0A837XVW0	A0A1G8SQW0
203	UPI00228231F2	A0A837XVW0	A0A1G8SQW0
204	A0A8U0I370	A0A837XVW0	A0A1G8SQW0
205	UPI00084EEC83	A0A837XVW0	A0A1G8SQW0
206	UPI00142E7A1C	A0A837XVW0	A0A1G8SQW0
207	UPI0022829694	A0A837XVW0	A0A1G8SQW0
208	UPI000853883A	A0A837XVW0	A0A1G8SQW0
209	UPI0022829AE4	A0A837XVW0	A0A1G8SQW0
210	UPI00086AD777	A0A837XVW0	A0A1G8SQW0
211	UPI001575A7A8	A0A837XVW0	A0A1G8SQW0
212	UPI002282B726	A0A837XVW0	A0A1G8SQW0
213	A0A4R6HZ72	A0A837XVW0	A0A1G8SQW0
214	UPI00089DF029	A0A837XVW0	A0A1G8SQW0
215	UPI00162A6B03	A0A837XVW0	A0A1G8SQW0
216	UPI002282C094	A0A837XVW0	A0A1G8SQW0
217	UPI0008FB71ED	A0A837XVW0	A0A1G8SQW0
218	UPI00165AE701	A0A837XVW0	A0A1G8SQW0
219	UPI002282E9F7	A0A837XVW0	A0A1G8SQW0
220	UPI000989746E	A0A837XVW0	A0A1G8SQW0
221	UPI001C22DA20	A0A837XVW0	A0A1G8SQW0
222	UPI002282FA9A	A0A837XVW0	A0A1G8SQW0
223	UPI0009B6EEB8	A0A837XVW0	A0A1G8SQW0
224	UPI001C8E0E07	A0A837XVW0	A0A1G8SQW0
225	UPI002282FE0E	A0A837XVW0	A0A1G8SQW0
226	UPI000A359907	A0A837XVW0	A0A1G8SQW0
227	UPI001D07F4FF	A0A837XVW0	A0A1G8SQW0
228	UPI000B43C47F	A0A837XVW0	A0A1G8SQW0
229	UPI001E2D3DE8	A0A837XVW0	A0A1G8SQW0
230	UPI002286517A	A0A837XVW0	A0A1G8SQW0
231	E0TZ07	A0A837XVW0	A0A1G8SQW0
232	M4KSM2	A0A837XVW0	A0A1G8SQW0
233	UPI000BA88689	A0A837XVW0	A0A1G8SQW0
234	UPI001EDCDB97	A0A837XVW0	A0A1G8SQW0
235	UPI000C9F5C74	A0A837XVW0	A0A1G8SQW0
236	UPI001FB33A27	A0A837XVW0	A0A1G8SQW0
237	A0A165B9N1	A0A837XVW0	A0A1G8SQW0
238	O31852	A0A837XVW0	A0A1G8SQW0
239	UPI000CDB9222	A0A837XVW0	A0A1G8SQW0
240	UPI000CDD108A	A0A837XVW0	A0A1G8SQW0
241	UPI00203BC975	A0A837XVW0	A0A1G8SQW0
242	UPI00022BA9AD	A0A837XVW0	A0A1G8SQW0
243	UPI000D025373	A0A837XVW0	A0A1G8SQW0
244	UPI00203BEEA6	A0A837XVW0	A0A1G8SQW0
245	UPI0002A143A0	A0A837XVW0	A0A1G8SQW0
246	UPI000E2E6DC9	A0A837XVW0	A0A1G8SQW0
247	UPI0021172BB2	A0A837XVW0	A0A1G8SQW0
248	UPI0002AC292F	A0A837XVW0	A0A1G8SQW0
249	UPI000E75F4B1	A0A837XVW0	A0A1G8SQW0
250	UPI00214A7C5D	A0A837XVW0	A0A1G8SQW0
251	UPI0002D376C8	A0A837XVW0	A0A1G8SQW0
252	UPI000F095EC4	A0A837XVW0	A0A1G8SQW0
253	UPI00227DB678	A0A837XVW0	A0A1G8SQW0
254	UPI000349A739	A0A837XVW0	A0A1G8SQW0
255	UPI000F54963B	A0A837XVW0	A0A1G8SQW0
256	UPI00227E1607	A0A837XVW0	A0A1G8SQW0
257	UPI0003967051	A0A837XVW0	A0A1G8SQW0
258	UPI000FFE19ED	A0A837XVW0	A0A1G8SQW0
259	UPI00227E257D	A0A837XVW0	A0A1G8SQW0
260	UPI0004A57E4E	A0A837XVW0	A0A1G8SQW0
261	UPI001011F76D	A0A837XVW0	A0A1G8SQW0
262	UPI00227EDF97	A0A837XVW0	A0A1G8SQW0
263	UPI0005051C91	A0A837XVW0	A0A1G8SQW0
264	UPI001063442E	A0A837XVW0	A0A1G8SQW0
265	UPI00227EFC15	A0A837XVW0	A0A1G8SQW0
266	UPI000530298C	A0A837XVW0	A0A1G8SQW0
267	UPI00119B5E9E	A0A837XVW0	A0A1G8SQW0
268	UPI00227F5731	A0A837XVW0	A0A1G8SQW0
269	UPI000589C6A5	A0A837XVW0	A0A1G8SQW0
270	UPI0011A68389	A0A837XVW0	A0A1G8SQW0
271	UPI00227FCA65	A0A837XVW0	A0A1G8SQW0
272	UPI00059C8BEA	A0A837XVW0	A0A1G8SQW0
273	UPI0011AA3AD1	A0A837XVW0	A0A1G8SQW0
274	UPI0022800047	A0A837XVW0	A0A1G8SQW0
275	A0A1Q9FEP1	A0A837XVW0	A0A1G8SQW0
276	UPI00059D397A	A0A837XVW0	A0A1G8SQW0
277	UPI0011E98663	A0A837XVW0	A0A1G8SQW0
278	UPI00061DBF3D	A0A837XVW0	A0A1G8SQW0
279	UPI001269420C	A0A837XVW0	A0A1G8SQW0
280	UPI002280BA94	A0A837XVW0	A0A1G8SQW0
281	UPI000627D625	A0A837XVW0	A0A1G8SQW0
282	UPI001292F224	A0A837XVW0	A0A1G8SQW0
283	UPI0022813C1C	A0A837XVW0	A0A1G8SQW0
284	A0A8F7XDN1	A0A837XVW0	A0A1G8SQW0
285	UPI0006A83CC6	A0A837XVW0	A0A1G8SQW0
286	UPI0013628966	A0A837XVW0	A0A1G8SQW0
287	UPI00228150DA	A0A837XVW0	A0A1G8SQW0
288	A0A0M4FFW6	A0A837XVW0	A0A1G8SQW0
289	A0A4U7MX78	A0A837XVW0	A0A1G8SQW0
290	A0A7U4HX99	A0A837XVW0	A0A1G8SQW0
291	S6FL69	A0A837XVW0	A0A1G8SQW0
292	A0A806QNA3	A0A837XVW0	A0A1G8SQW0
293	A0A150F9S4	A0A837XVW0	A0A1G8SQW0
294	A0A165B3M3	A0A837XVW0	A0A1G8SQW0
295	A0A0P7HAR5	A0A837XVW0	A0A1G8SQW0
296	A0A498TTY2	A0A837XVW0	A0A1G8SQW0
297	A0A0B4S8D6	A0A837XVW0	A0A1G8SQW0
298	I2HP25	A0A837XVW0	A0A1G8SQW0
299	A0A837EB24	A0A837XVW0	A0A1G8SQW0
300	A0A081LDX9	A0A837XVW0	A0A1G8SQW0
301	A0A653RX14	A0A837XVW0	A0A1G8SQW0
302	A0A5C0WLU4	A0A837XVW0	A0A1G8SQW0
303	A0A5K1L1D7	A0A837XVW0	A0A1G8SQW0
304	A0A1L6ZMB6	A0A837XVW0	A0A1G8SQW0
305	A0A0H1RWP3	A0A837XVW0	A0A1G8SQW0
306	A0A837XWB1	A0A837XVW0	A0A1G8SQW0
307	A0A6H2JNH6	A0A837XVW0	A0A1G8SQW0
308	A0A6C1VZ19	A0A837XVW0	A0A1G8SQW0
309	A0A1Y0YPK0	A0A837XVW0	A0A1G8SQW0
310	A0A7Z1B2U7	A0A837XVW0	A0A1G8SQW0
311	A0A0T6BMY2	A0A837XVW0	A0A1G8SQW0
312	S6FH66	S6FH66	A0A259UPD7
313	A0A2A5RNG4	S6FH66	A0A259UPD7
314	A0A143XWZ4	A0A143XWZ4	A0A829ZMP2
315	A0A177H8H2	A0A177H8H2	A0A246KEF4
316	A0A1C5RKE6	A0A1C5RKE6	A0A348AMN4
317	A0A1C5M0E1	A0A1C5RKE6	A0A348AMN4
318	A0A564W8N3	A0A1C5RKE6	A0A348AMN4
319	A0A1C5NZ59	A0A1C5RKE6	A0A348AMN4
320	A0A1C5R308	A0A1C5RKE6	A0A348AMN4
321	A0A3S5ARJ9	A0A1C5RKE6	A0A348AMN4
322	A0A6N2TRR7	A0A1C5RKE6	A0A348AMN4
323	A0A174NG16	A0A1C5RKE6	A0A348AMN4
324	A0A174Q425	A0A1C5RKE6	A0A348AMN4
325	A0A174BWQ9	A0A1C5RKE6	A0A348AMN4
326	A0A174VIW5	A0A1C5RKE6	A0A348AMN4
327	A0A174AG47	A0A1C5RKE6	A0A348AMN4
328	A0A1U7M8V5	A0A1U7M8V5	A0A1U7M8V5
329	A0A1V5VNS6	A0A1V5VNS6	A0A1V5LKA0
330	A0A2N9BB34	A0A2N9BB34	A0A2N9BB34
331	A0A6N3E2V5	A0A6N3E2V5	A0A1U7M8N9
332	A0A0A1MTG8	A0A6N3E2V5	A0A1U7M8N9
333	C0ZCP7	C0ZCP7	C0ZCP7
334	V6MCF6	C0ZCP7	C0ZCP7
335	M8E2F8	C0ZCP7	C0ZCP7
336	E2CGT6	E2CGT6	A0A259UIB8
337	A0A2P8HWB3	A0A2P8HWB3	A0A2P8HWB3
338	A0A3D1HXW2	A0A3D1HXW2	A0A354HLF6
339	A0A3C0X2P4	A0A3D1HXW2	A0A354HLF6
340	A0A928KLG5	A0A3D1HXW2	A0A354HLF6
341	A0A3D0Z3Q4	A0A3D1HXW2	A0A354HLF6
342	A0A3D2A9H6	A0A3D1HXW2	A0A354HLF6
343	A0A7X2Z4H8	A0A7X2Z4H8	A0A410WPK4
344	A0A433XPS9	A0A7X2Z4H8	A0A410WPK4
345	A0A0B0HLQ8	A0A0B0HLQ8	A0A0B0HLQ8
346	A0A0L6Z818	A0A0L6Z818	A0A1Y6AQ80
347	A0A174KQX2	A0A174KQX2	A0A1Y6AQ80
348	A0A173R646	A0A174KQX2	A0A1Y6AQ80
349	A0A173YY14	A0A174KQX2	A0A1Y6AQ80
350	A0A1C6DUA5	A0A1C6DUA5	A0A1C6DUA5
351	A0A1V5LSZ0	A0A1V5LSZ0	C0ZCP7
352	A0A2K9DWZ2	A0A2K9DWZ2	A0A2K9DWZ2
353	A0A4P6LXS6	A0A4P6LXS6	A0A348AMN4
354	A0A5P2ZP17	A0A5P2ZP17	A0A246KEF4
355	A0A1Y5RZ15	A0A5P2ZP17	A0A246KEF4
356	A0A6N3EZH1	A0A6N3EZH1	A0A6N3EZH1
357	A0A0F4VXA8	A0A6N3EZH1	A0A6N3EZH1
358	C4ICL4	A0A6N3EZH1	A0A6N3EZH1
359	R6MIH8	R6MIH8	R6MIH8
360	W7Y665	W7Y665	A0A1V5YPB2
361	A0A1I6KY25	A0A1I6KY25	R7HVK1
362	A0A2V3YD31	A0A1I6KY25	R7HVK1
363	A0A6N3GSG0	A0A1I6KY25	R7HVK1
364	A0A1I0G2J4	A0A1I6KY25	R7HVK1
365	A0A1C5XGD7	A0A1I6KY25	R7HVK1
366	A0A0F0C6W3	A0A1I6KY25	R7HVK1
367	A0A2W7MNT1	A0A2W7MNT1	A0A2W7MNT1
368	A0A7U9R122	A0A7U9R122	A0A7U9RTF9
369	A0A7U9MNW5	A0A7U9R122	A0A7U9RTF9
370	A0A7U9WVT8	A0A7U9R122	A0A7U9RTF9
371	A0A161I7N8	A0A161I7N8	C0ZCP7
372	A0A259UIB8	A0A259UIB8	A0A259UIB8
373	A0A379CGH3	A0A379CGH3	A0A1G8SQW0
374	A0A6N3I5I0	A0A6N3I5I0	A0A1V5LKA0
375	C2ZHC9	C2ZHC9	A0A4U8Q5S6
376	A0A2R8FCF1	A0A2R8FCF1	A0A6M1YJ42
377	A0A3B0QIA3	A0A2R8FCF1	A0A6M1YJ42
378	E4MQ17	E4MQ17	A0A0S2HUS6
379	A0A7Z8YG80	E4MQ17	A0A0S2HUS6
380	A0A354HLF6	A0A354HLF6	A0A354HLF6
381	A0A4P8XX18	A0A354HLF6	A0A354HLF6
382	A0A3D1LC86	A0A3D1LC86	R5N6Z6
383	R5ITP1	A0A3D1LC86	R5N6Z6
384	R6LPT0	A0A3D1LC86	R5N6Z6
385	A0A928NUY4	A0A928NUY4	
386	A0A928F840	A0A928NUY4	
387	R5PSZ8	A0A928NUY4	
388	A0A356GGC1	A0A928NUY4	
389	R6Z7V1	R6Z7V1	A0A1I0DL10
390	A0A3D4EG38	R6Z7V1	A0A1I0DL10
391	A0A316NQJ4	R6Z7V1	A0A1I0DL10
392	A0A3D6BHZ5	R6Z7V1	A0A1I0DL10
393	A0A0B0HRE6	A0A0B0HRE6	A0A0B0HRE6
394	A0A168LMG5	A0A168LMG5	A0A0B0HUJ2
395	R6N2Q7	A0A168LMG5	A0A0B0HUJ2
396	R6Z8U6	A0A168LMG5	A0A0B0HUJ2
397	A0A1V5LXY7	A0A1V5LXY7	A0A1V5LXY7
398	A0A078MK14	A0A078MK14	
399	A0A161XDA1	A0A161XDA1	A0A348AMB8
400	A0A1M4NB46	A0A161XDA1	A0A348AMB8
401	A0A174B8I9	A0A174B8I9	A0A829ZMP2
402	A0A1C5YJA9	A0A1C5YJA9	A0A174TDS3
403	A0A1C6JYE1	A0A1C5YJA9	A0A174TDS3
404	A0A1V6HF93	A0A1V6HF93	A0A1V5YPB2
405	A0A380MZP3	A0A380MZP3	A0A348AMN4
406	A0A428I3D7	A0A428I3D7	A0A6V8LYJ9
407	R5RW36	R5RW36	R7C958
408	R6LNQ7	R5RW36	R7C958
409	A0A7J0AAJ5	A0A7J0AAJ5	C0ZCP7
410	A0A0J6VLZ1	A0A0J6VLZ1	A0A0J6VLZ1
411	A0A1C6G745	A0A1C6G745	A0A1C6DUA5
412	A0A212LYI5	A0A212LYI5	A0A348AMN4
413	A0A259UTZ6	A0A212LYI5	A0A348AMN4
414	A0A1U7MF44	A0A212LYI5	A0A348AMN4
415	A0A259UN74	A0A212LYI5	A0A348AMN4
416	A0A348AM59	A0A212LYI5	A0A348AMN4
417	A0A0J1I6K8	A0A0J1I6K8	A0A1V6BVN9
418	A0A1V4SDX7	A0A1V4SDX7	A0A1V4SDX7
419	A0A3S5AQD8	A0A3S5AQD8	A0A174ZGT3
420	A0A1C6ERC7	A0A3S5AQD8	A0A174ZGT3
421	A0A1C6G2Q5	A0A3S5AQD8	A0A174ZGT3
422	A0A1C5WC46	A0A3S5AQD8	A0A174ZGT3
423	A0A0F0CLG3	A0A3S5AQD8	A0A174ZGT3
424	A0A6M1ZB96	A0A6M1ZB96	A0A486XN99
425	A0A248JXY1	A0A248JXY1	A0A829ZMP2
426	A0A3C1BWY3	A0A3C1BWY3	R5N6Z6
427	R5ES93	A0A3C1BWY3	R5N6Z6
428	A0A928LUX6	A0A3C1BWY3	R5N6Z6
429	A0A928MHN6	A0A3C1BWY3	R5N6Z6
430	A0A354USI9	A0A3C1BWY3	R5N6Z6
431	A0A3D2HXQ8	A0A3C1BWY3	R5N6Z6
432	A0A161XER4	A0A161XER4	A0A1Y6AQ80
433	A0A1V4IFT6	A0A161XER4	A0A1Y6AQ80
434	A0A1C5ML14	A0A1C5ML14	A0A6N2TU31
435	A0A1E3AR49	A0A1E3AR49	A0A1Y6AQ80
436	A0A1C5NIL5	A0A1E3AR49	A0A1Y6AQ80
437	A0A1C5YXG5	A0A1E3AR49	A0A1Y6AQ80
438	A0A1V4WZV6	A0A1V4WZV6	A0A348AMB8
439	A0A1V6JEK4	A0A1V6JEK4	A0A1V5YPB2
440	A0A246KEF4	A0A246KEF4	A0A246KEF4
441	A0A5P9KME4	A0A246KEF4	A0A246KEF4
442	A0A2X1BKU2	A0A246KEF4	A0A246KEF4
443	A0A4P1JUU0	A0A246KEF4	A0A246KEF4
444	A0A445N9H6	A0A445N9H6	A0A1U7M8N9
445	A0A6C0Q549	A0A445N9H6	A0A1U7M8N9
446	A0A100JYF2	A0A445N9H6	A0A1U7M8N9
447	A0A1Y2MQ80	A0A445N9H6	A0A1U7M8N9
448	A0A385ZME0	A0A445N9H6	A0A1U7M8N9
449	A0A387HCG6	A0A445N9H6	A0A1U7M8N9
450	A0A2Z5K2N6	A0A445N9H6	A0A1U7M8N9
451	A0A3N6G7Q6	A0A445N9H6	A0A1U7M8N9
452	A0A3N6GQP9	A0A445N9H6	A0A1U7M8N9
453	A0A2N9BBU2	A0A445N9H6	A0A1U7M8N9
454	A0A562L7A1	A0A562L7A1	A0A6N2TU31
455	A0A7V8FF20	A0A562L7A1	A0A6N2TU31
456	A0A6N2SLV1	A0A6N2SLV1	A0A354HLF6
457	A0A977II70	A0A977II70	
458	A0A1Y2MSQ6	A0A977II70	
459	R5STP1	R5STP1	R7C958
460	W4Q1R8	W4Q1R8	A0A2P8HWB3
461	A0A1X9MDR3	W4Q1R8	A0A2P8HWB3
462	D3G001	W4Q1R8	A0A2P8HWB3
463	A0A562QCX9	W4Q1R8	A0A2P8HWB3
464	W4QAJ2	W4Q1R8	A0A2P8HWB3
465	W4QUP1	W4Q1R8	A0A2P8HWB3
466	A0A840QNL4	W4Q1R8	A0A2P8HWB3
467	Q9KCG8	W4Q1R8	A0A2P8HWB3
468	A0A1H3L9D0	W4Q1R8	A0A2P8HWB3
469	A0A1H8L4C1	A0A1H8L4C1	A0A254NPA3
470	A0A6M1PHG2	A0A1H8L4C1	A0A254NPA3
471	A0A1G9LGC0	A0A1H8L4C1	A0A254NPA3
472	A0A1G9EPX3	A0A1H8L4C1	A0A254NPA3
473	A0A3S9V6F5	A0A1H8L4C1	A0A254NPA3
474	A0A1G7NLH5	A0A1H8L4C1	A0A254NPA3
475	A0A5D0D2L3	A0A1H8L4C1	A0A254NPA3
476	A0A7W3STM3	A0A1H8L4C1	A0A254NPA3
477	A0A3S1BMZ4	A0A1H8L4C1	A0A254NPA3
478	A0A7U9MND5	A0A7U9MND5	A0A7U9MND5
479	A0A916JZY9	A0A916JZY9	
480	W8ZK78	A0A916JZY9	
481	A0A919ZDK0	A0A916JZY9	
482	A0A0F0CDC4	A0A0F0CDC4	A0A348AMN4
483	A0A1V6I6W1	A0A1V6I6W1	A0A1V6I6W1
484	A0A2S0XR11	A0A2S0XR11	A0A259UIB8
485	A0A554X2L3	A0A554X2L3	A0A259UPD7
486	A0A173YI13	A0A173YI13	A0A348AMN4
487	A0A239TX81	A0A173YI13	A0A348AMN4
488	A0A1N7IV07	A0A1N7IV07	L8DHP6
489	A0A399DVH1	A0A399DVH1	C0ZCP7
490	A0A829ZMP2	A0A829ZMP2	A0A829ZMP2
491	A0A6F9XLF6	A0A829ZMP2	A0A829ZMP2
492	A0A6F9Y850	A0A829ZMP2	A0A829ZMP2
493	A0A6F9YP23	A0A829ZMP2	A0A829ZMP2
494	A0A1Y0WKX0	A0A1Y0WKX0	A0A829ZMP2
495	A0A2U1WT61	A0A2U1WT61	A0A829ZMP2
496	A0A235HJA8	A0A2U1WT61	A0A829ZMP2
497	A0A060DHE3	A0A2U1WT61	A0A829ZMP2
498	A0A2S1XT41	A0A2U1WT61	A0A829ZMP2
499	A0A2S2CKT6	A0A2U1WT61	A0A829ZMP2
500	A0A2U1Y8A5	A0A2U1WT61	A0A829ZMP2
501	A0A2U9S1W9	A0A2U1WT61	A0A829ZMP2
502	A0A0F2KU74	A0A2U1WT61	A0A829ZMP2
503	A0A2U1WFM2	A0A2U1WT61	A0A829ZMP2
504	A0A2B8B8T3	A0A2U1WT61	A0A829ZMP2
505	A0A2U1VK32	A0A2U1WT61	A0A829ZMP2
506	A0A2U1XKT0	A0A2U1WT61	A0A829ZMP2
507	G7Z707	A0A2U1WT61	A0A829ZMP2
508	A0A2U1X5I0	A0A2U1WT61	A0A829ZMP2
509	A0A0P8W7Z2	A0A0P8W7Z2	A0A0P8W7Z2
510	A0A151AKQ8	A0A151AKQ8	A0A4R7RUE4
511	A0A173Y9D9	A0A173Y9D9	A0A173Y9D9
512	A0A1C6L2J7	A0A1C6L2J7	A0A4R7RUE4
513	A0A1V4VR09	A0A1V4VR09	A0A4R7RUE4
514	A0A1V6BES0	A0A1V6BES0	A0A1V6BES0
515	A0A2R8FAR7	A0A2R8FAR7	A0A348AMB8
516	A0A3S4WJB7	A0A3S4WJB7	A0A1V5YPB2
517	A0A6M1ZL94	A0A6M1ZL94	A0A6M1ZL94
518	A0A6M1ZPX6	A0A6M1ZL94	A0A6M1ZL94
519	R5FSU6	R5FSU6	A0A354HLF6
520	V4R1H7	V4R1H7	V4R1H7
521	A0A6G9Q5B6	A0A6G9Q5B6	A0A348AMB8
522	A0A1X1FCW7	A0A6G9Q5B6	A0A348AMB8
523	A0A1E7XCQ5	A0A6G9Q5B6	A0A348AMB8
524	A0A0G1MTH1	A0A0G1MTH1	C0ZCP7
525	A0A1C5VR62	A0A1C5VR62	A0A348AMN4
526	A0A1C5LM33	A0A1C5VR62	A0A348AMN4
527	A0A2S5D150	A0A2S5D150	C0ZCP7
528	A0A564W4X4	A0A564W4X4	A0A1V5YPB2
529	A0A0D0RVH7	A0A0D0RVH7	A0A0D0RVH7
530	A0A1V6C403	A0A1V6C403	K1KS64
531	A0A410WPK4	A0A410WPK4	A0A410WPK4
532	A0A7X3JY59	A0A410WPK4	A0A410WPK4
533	A0A6B8RHF6	A0A410WPK4	A0A410WPK4
534	A0A4Q7QRJ2	A0A410WPK4	A0A410WPK4
535	A0A5P0YBY6	A0A410WPK4	A0A410WPK4
536	A0A927LRB5	A0A410WPK4	A0A410WPK4
537	A0A927C5Z6	A0A410WPK4	A0A410WPK4
538	A0A1I4P4L2	A0A410WPK4	A0A410WPK4
539	A0A4Q9DNG9	A0A410WPK4	A0A410WPK4
540	A0A4R4EE54	A0A410WPK4	A0A410WPK4
541	A0A2T6FSL1	A0A410WPK4	A0A410WPK4
542	A0A6G3ZU75	A0A410WPK4	A0A410WPK4
543	A0A3B0BSJ8	A0A410WPK4	A0A410WPK4
544	A0A926E6B6	A0A926E6B6	
545	A0A316LKK8	A0A926E6B6	
546	K2KE81	K2KE81	A0A1V5Q709
547	A0A060M050	A0A060M050	A0A348AMB8
548	A0A151AQ07	A0A151AQ07	C0ZCP7
549	A0A2T0AMB1	A0A151AQ07	C0ZCP7
550	A0A1J5JJ55	A0A151AQ07	C0ZCP7
551	A0A1J5NGT2	A0A151AQ07	C0ZCP7
552	A0A1C5KYE3	A0A1C5KYE3	A0A829ZMP2
553	A0A1C6L3K9	A0A1C6L3K9	A0A0P8W7Z2
554	A0A1V4VZW8	A0A1V4VZW8	A0A1V4VZW8
555	A0A4V2DZ80	A0A4V2DZ80	A0A078MK14
556	A0A161X8H2	A0A161X8H2	A0A161X8H2
557	A0A1V5U0D9	A0A1V5U0D9	A0A1V5U0D9
558	A0A379LHS6	A0A379LHS6	A0A379LHS6
559	A0A1E3KVD0	A0A1E3KVD0	A0A1E3KVD0
560	A0A847C7J3	A0A847C7J3	A0A354HLF6
561	A0A150L0P0	A0A150L0P0	A0A354HLF6
562	A0A1H4DWY8	A0A150L0P0	A0A354HLF6
563	A0A1C6JX73	A0A1C6JX73	A0A829ZMP2
564	A0A1V2RDC0	A0A1V2RDC0	A0A1V2RDC0
565	A0A1V5Y4F6	A0A1V5Y4F6	A0A1V5Y4F6
566	A0A2P4UJ83	A0A2P4UJ83	A0A518C016
567	A0A6C1VWQ9	A0A6C1VWQ9	A0A1V5YPB2
568	A0A919WG98	A0A6C1VWQ9	A0A1V5YPB2
569	A0A806TEH3	A0A6C1VWQ9	A0A1V5YPB2
570	A0A0B6AKY9	A0A6C1VWQ9	A0A1V5YPB2
571	UPI00084653E7	A0A6C1VWQ9	A0A1V5YPB2
572	UPI0011C8FD68	A0A6C1VWQ9	A0A1V5YPB2
573	UPI001D06DD38	A0A6C1VWQ9	A0A1V5YPB2
574	UPI00084F0077	A0A6C1VWQ9	A0A1V5YPB2
575	UPI0011DDB889	A0A6C1VWQ9	A0A1V5YPB2
576	UPI001E6371F1	A0A6C1VWQ9	A0A1V5YPB2
577	UPI00084F48AA	A0A6C1VWQ9	A0A1V5YPB2
578	UPI00125E9E3C	A0A6C1VWQ9	A0A1V5YPB2
579	UPI001FB405DE	A0A6C1VWQ9	A0A1V5YPB2
580	UPI000853BE2A	A0A6C1VWQ9	A0A1V5YPB2
581	UPI001292F1F4	A0A6C1VWQ9	A0A1V5YPB2
582	UPI00201D60BB	A0A6C1VWQ9	A0A1V5YPB2
583	UPI00089DF302	A0A6C1VWQ9	A0A1V5YPB2
584	UPI001293911D	A0A6C1VWQ9	A0A1V5YPB2
585	UPI00204244DF	A0A6C1VWQ9	A0A1V5YPB2
586	UPI0008FAFDA9	A0A6C1VWQ9	A0A1V5YPB2
587	UPI001297CF22	A0A6C1VWQ9	A0A1V5YPB2
588	UPI00209B8DA1	A0A6C1VWQ9	A0A1V5YPB2
589	O35010	A0A6C1VWQ9	A0A1V5YPB2
590	UPI000988E220	A0A6C1VWQ9	A0A1V5YPB2
591	UPI001362F2FA	A0A6C1VWQ9	A0A1V5YPB2
592	UPI0020C349A2	A0A6C1VWQ9	A0A1V5YPB2
593	UPI0009B6582A	A0A6C1VWQ9	A0A1V5YPB2
594	UPI0013637654	A0A6C1VWQ9	A0A1V5YPB2
595	UPI002115E938	A0A6C1VWQ9	A0A1V5YPB2
596	UPI0001F5C283	A0A6C1VWQ9	A0A1V5YPB2
597	UPI000A35B90C	A0A6C1VWQ9	A0A1V5YPB2
598	UPI00136426EE	A0A6C1VWQ9	A0A1V5YPB2
599	UPI00214A025A	A0A6C1VWQ9	A0A1V5YPB2
600	UPI00022BA673	A0A6C1VWQ9	A0A1V5YPB2
601	UPI000B4D6151	A0A6C1VWQ9	A0A1V5YPB2
602	UPI0013748B15	A0A6C1VWQ9	A0A1V5YPB2
603	UPI0021558C01	A0A6C1VWQ9	A0A1V5YPB2
604	UPI000259803B	A0A6C1VWQ9	A0A1V5YPB2
605	UPI000B7747D1	A0A6C1VWQ9	A0A1V5YPB2
606	UPI00137891F4	A0A6C1VWQ9	A0A1V5YPB2
607	UPI00227E98D5	A0A6C1VWQ9	A0A1V5YPB2
608	UPI00034D04C1	A0A6C1VWQ9	A0A1V5YPB2
609	UPI000BAF9C88	A0A6C1VWQ9	A0A1V5YPB2
610	UPI00137907E5	A0A6C1VWQ9	A0A1V5YPB2
611	UPI002283139C	A0A6C1VWQ9	A0A1V5YPB2
612	UPI0003962941	A0A6C1VWQ9	A0A1V5YPB2
613	UPI000C792881	A0A6C1VWQ9	A0A1V5YPB2
614	UPI0013CF44D8	A0A6C1VWQ9	A0A1V5YPB2
615	UPI00228586E0	A0A6C1VWQ9	A0A1V5YPB2
616	UPI0003A0D851	A0A6C1VWQ9	A0A1V5YPB2
617	UPI000CD20B9E	A0A6C1VWQ9	A0A1V5YPB2
618	UPI0013D6A818	A0A6C1VWQ9	A0A1V5YPB2
619	UPI0003FD3D4A	A0A6C1VWQ9	A0A1V5YPB2
620	UPI000CDB8A5C	A0A6C1VWQ9	A0A1V5YPB2
621	UPI00142D94C6	A0A6C1VWQ9	A0A1V5YPB2
622	UPI0004058ADF	A0A6C1VWQ9	A0A1V5YPB2
623	UPI000E8FC827	A0A6C1VWQ9	A0A1V5YPB2
624	UPI00142FFF53	A0A6C1VWQ9	A0A1V5YPB2
625	UPI0004A04D21	A0A6C1VWQ9	A0A1V5YPB2
626	UPI000F0778FA	A0A6C1VWQ9	A0A1V5YPB2
627	UPI0014307D22	A0A6C1VWQ9	A0A1V5YPB2
628	UPI0004E6D037	A0A6C1VWQ9	A0A1V5YPB2
629	UPI000F4A9D12	A0A6C1VWQ9	A0A1V5YPB2
630	UPI00145B2C8C	A0A6C1VWQ9	A0A1V5YPB2
631	UPI00053034CD	A0A6C1VWQ9	A0A1V5YPB2
632	UPI000F51FECD	A0A6C1VWQ9	A0A1V5YPB2
633	UPI00155AD861	A0A6C1VWQ9	A0A1V5YPB2
634	UPI000589F56A	A0A6C1VWQ9	A0A1V5YPB2
635	UPI000F542F94	A0A6C1VWQ9	A0A1V5YPB2
636	UPI00155F757B	A0A6C1VWQ9	A0A1V5YPB2
637	UPI00059D1E24	A0A6C1VWQ9	A0A1V5YPB2
638	UPI000F630F95	A0A6C1VWQ9	A0A1V5YPB2
639	UPI00155FDC8A	A0A6C1VWQ9	A0A1V5YPB2
640	UPI00059DAC9C	A0A6C1VWQ9	A0A1V5YPB2
641	UPI000FF8D6AB	A0A6C1VWQ9	A0A1V5YPB2
642	UPI00156B00EC	A0A6C1VWQ9	A0A1V5YPB2
643	UPI00059DF3DF	A0A6C1VWQ9	A0A1V5YPB2
644	UPI000FFE1475	A0A6C1VWQ9	A0A1V5YPB2
645	UPI0015E69D54	A0A6C1VWQ9	A0A1V5YPB2
646	UPI0005A428D2	A0A6C1VWQ9	A0A1V5YPB2
647	UPI001009E26F	A0A6C1VWQ9	A0A1V5YPB2
648	UPI001628D979	A0A6C1VWQ9	A0A1V5YPB2
649	UPI00061DCDF5	A0A6C1VWQ9	A0A1V5YPB2
650	UPI00100A0F6B	A0A6C1VWQ9	A0A1V5YPB2
651	UPI00165A4320	A0A6C1VWQ9	A0A1V5YPB2
652	A0A8F7XI10	A0A6C1VWQ9	A0A1V5YPB2
653	UPI00063FD768	A0A6C1VWQ9	A0A1V5YPB2
654	UPI00102ECC5C	A0A6C1VWQ9	A0A1V5YPB2
655	UPI00165CE0F6	A0A6C1VWQ9	A0A1V5YPB2
656	A0A8F9STE8	A0A6C1VWQ9	A0A1V5YPB2
657	UPI00065D5F60	A0A6C1VWQ9	A0A1V5YPB2
658	UPI00106322F1	A0A6C1VWQ9	A0A1V5YPB2
659	UPI00178CDD57	A0A6C1VWQ9	A0A1V5YPB2
660	A0A6A8FTF0	A0A6C1VWQ9	A0A1V5YPB2
661	A0A8G0TVL2	A0A6C1VWQ9	A0A1V5YPB2
662	UPI0006A7FEE8	A0A6C1VWQ9	A0A1V5YPB2
663	UPI001066DF5D	A0A6C1VWQ9	A0A1V5YPB2
664	UPI0018E95892	A0A6C1VWQ9	A0A1V5YPB2
665	A0A8I2B7A7	A0A6C1VWQ9	A0A1V5YPB2
666	UPI0006A895C1	A0A6C1VWQ9	A0A1V5YPB2
667	UPI00114DA814	A0A6C1VWQ9	A0A1V5YPB2
668	UPI001B262D74	A0A6C1VWQ9	A0A1V5YPB2
669	UPI0007AF4C9C	A0A6C1VWQ9	A0A1V5YPB2
670	UPI00119A58AF	A0A6C1VWQ9	A0A1V5YPB2
671	UPI001C219811	A0A6C1VWQ9	A0A1V5YPB2
672	A0A7D7C772	A0A6C1VWQ9	A0A1V5YPB2
673	UPI0007E51093	A0A6C1VWQ9	A0A1V5YPB2
674	UPI0011AAB6EB	A0A6C1VWQ9	A0A1V5YPB2
675	UPI001C24AB12	A0A6C1VWQ9	A0A1V5YPB2
676	UPI00083FEE74	A0A6C1VWQ9	A0A1V5YPB2
677	UPI0011AADBF7	A0A6C1VWQ9	A0A1V5YPB2
678	UPI001C24B084	A0A6C1VWQ9	A0A1V5YPB2
679	A0A5P9HTA7	A0A6C1VWQ9	A0A1V5YPB2
680	A0A8J2ZS34	A0A6C1VWQ9	A0A1V5YPB2
681	A0A8J2YCX2	A0A6C1VWQ9	A0A1V5YPB2
682	A0A511VC99	A0A6C1VWQ9	A0A1V5YPB2
683	A0A7L4ZIF3	A0A7L4ZIF3	A0A1V5YPB2
684	A0A345H5Z6	A0A7L4ZIF3	A0A1V5YPB2
685	A0A927QL70	A0A7L4ZIF3	A0A1V5YPB2
686	A0A0X7BBE7	A0A7L4ZIF3	A0A1V5YPB2
687	A0A653U5P8	A0A7L4ZIF3	A0A1V5YPB2
688	A0A199XUM9	A0A7L4ZIF3	A0A1V5YPB2
689	A0A2N9PB06	A0A7L4ZIF3	A0A1V5YPB2
690	A0A0U3F364	A0A7L4ZIF3	A0A1V5YPB2
691	A0A378U4R6	A0A7L4ZIF3	A0A1V5YPB2
692	A0A8T9DW70	A0A7L4ZIF3	A0A1V5YPB2
693	A0A385BSW3	A0A7L4ZIF3	A0A1V5YPB2
694	A0A330MML9	A0A7L4ZIF3	A0A1V5YPB2
695	A0A916HN28	A0A7L4ZIF3	A0A1V5YPB2
696	A0A221UYV5	A0A7L4ZIF3	A0A1V5YPB2
697	A0A2I9EL02	A0A7L4ZIF3	A0A1V5YPB2
698	S7U7G8	S7U7G8	S7U7G8
699	A0A1G6VBJ0	A0A1G6VBJ0	A0A1I0DL10
700	A0A285NMQ5	A0A1G6VBJ0	A0A1I0DL10
701	A0A1I2BS16	A0A1I2BS16	A0A254NPA3
702	A0A857JNU5	A0A857JNU5	A0A6N2TU31
703	A0A1V5W6F5	A0A1V5W6F5	L8DHP6
704	A0A2L2WTV2	A0A2L2WTV2	A0A259UPD7
705	A0A098EJJ4	A0A098EJJ4	A0A6V8LYJ9
706	A0A1V5WC85	A0A1V5WC85	A0A1V5WC85
707	A0A380BF02	A0A380BF02	A0A1G8SQW0
708	A0A847WC53	A0A847WC53	A0A1I3GQ51
709	A0A6L5YQR6	A0A847WC53	A0A1I3GQ51
710	R6B644	A0A847WC53	A0A1I3GQ51
711	A0A7C6FUJ4	A0A847WC53	A0A1I3GQ51
712	A0A970K4U8	A0A847WC53	A0A1I3GQ51
713	R5PW20	A0A847WC53	A0A1I3GQ51
714	R6QF42	A0A847WC53	A0A1I3GQ51
715	R6X7U2	A0A847WC53	A0A1I3GQ51
716	R7L7F2	A0A847WC53	A0A1I3GQ51
717	R7MC58	A0A847WC53	A0A1I3GQ51
718	R7F3K0	A0A847WC53	A0A1I3GQ51
719	A0A1M5YA39	A0A847WC53	A0A1I3GQ51
720	A0A971BG60	A0A847WC53	A0A1I3GQ51
721	A0A970Y920	A0A847WC53	A0A1I3GQ51
722	R7R2V1	A0A847WC53	A0A1I3GQ51
723	A0A4R1S001	A0A847WC53	A0A1I3GQ51
724	A0A173U4W7	A0A173U4W7	A0A1V5LKA0
725	A0A1V4I6Q7	A0A1V4I6Q7	A0A354HLF6
726	A0A2T0B383	A0A1V4I6Q7	A0A354HLF6
727	K0B115	A0A1V4I6Q7	A0A354HLF6
728	A0A3P5XBV8	A0A3P5XBV8	K1KS64
729	A0A098EIW5	A0A3P5XBV8	K1KS64
730	A0A4Y7RYV5	A0A4Y7RYV5	A0A1V5LKA0
731	A0A1V5BK93	A0A4Y7RYV5	A0A1V5LKA0
732	A0A1V5BU00	A0A4Y7RYV5	A0A1V5LKA0
733	A0A4Y7R6N3	A0A4Y7RYV5	A0A1V5LKA0
734	A0A4Y7RUU4	A0A4Y7RYV5	A0A1V5LKA0
735	A0A1V4W1P0	A0A4Y7RYV5	A0A1V5LKA0
736	A0A7R7E2C2	A0A7R7E2C2	C0ZCP7
737	A0A0D0Q9I3	A0A0D0Q9I3	L8DHP6
738	A0A0D0HNG2	A0A0D0Q9I3	L8DHP6
739	A0A1V5XI10	A0A1V5XI10	A0A348AMN4
740	M8DBN9	M8DBN9	C0ZCP7
741	V6MEX2	M8DBN9	C0ZCP7
742	A0A0A5FX53	A0A0A5FX53	A0A1U7M8N9
743	A0A4R3NA36	A0A0A5FX53	A0A1U7M8N9
744	A0A1C5VXA3	A0A1C5VXA3	A0A1C5KMM8
745	A0A1C6AVJ4	A0A1C5VXA3	A0A1C5KMM8
746	A0A1C5YKF1	A0A1C5VXA3	A0A1C5KMM8
747	A0A1C5YW32	A0A1C5VXA3	A0A1C5KMM8
748	A0A174GWM5	A0A1C5VXA3	A0A1C5KMM8
749	A0A1C6ATA7	A0A1C5VXA3	A0A1C5KMM8
750	A0A1C6BST3	A0A1C5VXA3	A0A1C5KMM8
751	A0A1C6DPK9	A0A1C5VXA3	A0A1C5KMM8
752	A0A6N2T144	A0A1C5VXA3	A0A1C5KMM8
753	A0A6N2XWA2	A0A1C5VXA3	A0A1C5KMM8
754	A0A1C6IK15	A0A1C5VXA3	A0A1C5KMM8
755	A0A1C5P7X1	A0A1C5VXA3	A0A1C5KMM8
756	A0A1C5Y7C6	A0A1C5VXA3	A0A1C5KMM8
757	A0A1C5ZVE5	A0A1C5VXA3	A0A1C5KMM8
758	A0A174R1Z8	A0A1C5VXA3	A0A1C5KMM8
759	A0A1C6FHB1	A0A1C5VXA3	A0A1C5KMM8
760	A0A6N2X1N5	A0A1C5VXA3	A0A1C5KMM8
761	A0A1C6J7E2	A0A1C5VXA3	A0A1C5KMM8
762	A0A1C6HVD0	A0A1C5VXA3	A0A1C5KMM8
763	A0A1V5WF40	A0A1V5WF40	A0A1V5Q709
764	A0A1V5PMQ5	A0A1V5WF40	A0A1V5Q709
765	A0A5P9HKW0	A0A5P9HKW0	A0A5P9HKW0
766	A0A1E3KYV2	A0A1E3KYV2	A0A1E3KYV2
767	A0A3P3XI41	A0A3P3XI41	A0A3P3XI41
768	A0A150M8G4	A0A150M8G4	A0A1I0DL10
769	A0A327YPC6	A0A150M8G4	A0A1I0DL10
770	A0A1H0VCK7	A0A150M8G4	A0A1I0DL10
771	A0A7V9YWU2	A0A150M8G4	A0A1I0DL10
772	A0A840DVG7	A0A150M8G4	A0A1I0DL10
773	A0A167T8X6	A0A150M8G4	A0A1I0DL10
774	A0A0V8HMP4	A0A150M8G4	A0A1I0DL10
775	A0A7X0HQJ5	A0A150M8G4	A0A1I0DL10
776	A6CRC9	A0A150M8G4	A0A1I0DL10
777	A0A1I6BFH2	A0A150M8G4	A0A1I0DL10
778	A0A366EKZ1	A0A150M8G4	A0A1I0DL10
779	N0B2S2	A0A150M8G4	A0A1I0DL10
780	A0A090IVB1	A0A150M8G4	A0A1I0DL10
781	A0A380XY66	A0A150M8G4	A0A1I0DL10
782	A0A2V2ZZD1	A0A150M8G4	A0A1I0DL10
783	W7L089	A0A150M8G4	A0A1I0DL10
784	A0A561DSW2	A0A150M8G4	A0A1I0DL10
785	E5WIJ9	A0A150M8G4	A0A1I0DL10
786	A0A366JXJ5	A0A150M8G4	A0A1I0DL10
787	A0A562JCZ8	A0A150M8G4	A0A1I0DL10
788	A0A852TAS5	A0A150M8G4	A0A1I0DL10
789	Q2B5V4	A0A150M8G4	A0A1I0DL10
790	R9C3A4	A0A150M8G4	A0A1I0DL10
791	A0A0D0EMK1	A0A150M8G4	A0A1I0DL10
792	A0A0D0FGE3	A0A150M8G4	A0A1I0DL10
793	A0A0D0G2T0	A0A150M8G4	A0A1I0DL10
794	A0A6L5AZT3	A0A150M8G4	A0A1I0DL10
795	I3DX87	A0A150M8G4	A0A1I0DL10
796	I3EAG6	A0A150M8G4	A0A1I0DL10
797	K6C563	A0A150M8G4	A0A1I0DL10
798	A0A800MU00	A0A150M8G4	A0A1I0DL10
799	A0A1H8K337	A0A150M8G4	A0A1I0DL10
800	A0A072NJA5	A0A150M8G4	A0A1I0DL10
801	A0A285UBJ1	A0A150M8G4	A0A1I0DL10
802	A0A090ZH68	A0A150M8G4	A0A1I0DL10
803	W4RNA6	A0A150M8G4	A0A1I0DL10
804	A0A098F4Q8	A0A150M8G4	A0A1I0DL10
805	A0A1I6ADW3	A0A150M8G4	A0A1I0DL10
806	A0A4V2RBY8	A0A150M8G4	A0A1I0DL10
807	A0A1H9QAI0	A0A150M8G4	A0A1I0DL10
808	C6IWP5	A0A150M8G4	A0A1I0DL10
809	A0A1H0B574	A0A150M8G4	A0A1I0DL10
810	A0A0A8X4H2	A0A150M8G4	A0A1I0DL10
811	K6DPG2	A0A150M8G4	A0A1I0DL10
812	K6DQP7	A0A150M8G4	A0A1I0DL10
813	A0A1H0EYE0	A0A150M8G4	A0A1I0DL10
814	A0A852T807	A0A150M8G4	A0A1I0DL10
815	Q8EQG9	A0A150M8G4	A0A1I0DL10
816	A0A1Y6FZ90	A0A150M8G4	A0A1I0DL10
817	A0A0U1P1I6	A0A150M8G4	A0A1I0DL10
818	A0A4R2PA66	A0A150M8G4	A0A1I0DL10
819	A0A0F5I6S9	A0A150M8G4	A0A1I0DL10
820	A0A0C2XWA3	A0A150M8G4	A0A1I0DL10
821	A0A285CK79	A0A150M8G4	A0A1I0DL10
822	A0A098F122	A0A150M8G4	A0A1I0DL10
823	A0A2X4WG16	A0A150M8G4	A0A1I0DL10
824	A0A5P9HRG6	A0A150M8G4	A0A1I0DL10
825	A0A173U6N6	A0A173U6N6	A0A829ZMP2
826	A0A1C5UGB9	A0A1C5UGB9	A0A1Y6AQ80
827	A0A1C5P5B2	A0A1C5UGB9	A0A1Y6AQ80
828	A0A1C6K4M9	A0A1C6K4M9	A0A1Y6AQ80
829	A0A1V5Y675	A0A1V5Y675	A0A6V8LYJ9
830	A0A238K9X1	A0A238K9X1	A0A246KEF4
831	A0A2R2W5C2	A0A2R2W5C2	A0A078MK14
832	H6NJ06	H6NJ06	A0A2P8HWB3
833	F8FNK7	H6NJ06	A0A2P8HWB3
834	A0A940PM97	H6NJ06	A0A2P8HWB3
835	V9W4V2	H6NJ06	A0A2P8HWB3
836	A0A1I3NQM2	H6NJ06	A0A2P8HWB3
837	A0A1I6R019	H6NJ06	A0A2P8HWB3
838	A0A5S5C3B1	H6NJ06	A0A2P8HWB3
839	A0A1H3BB23	H6NJ06	A0A2P8HWB3
840	A0A3D9RT04	H6NJ06	A0A2P8HWB3
841	A0A7W5FM21	H6NJ06	A0A2P8HWB3
842	A0A1H8A448	H6NJ06	A0A2P8HWB3
843	X4ZB68	H6NJ06	A0A2P8HWB3
844	A0A1G9G722	H6NJ06	A0A2P8HWB3
845	A0A1H8TU37	H6NJ06	A0A2P8HWB3
846	A0A1I1AAH5	H6NJ06	A0A2P8HWB3
847	A0A1I4G566	H6NJ06	A0A2P8HWB3
848	A0A916NQI9	H6NJ06	A0A2P8HWB3
849	A0A1K1M666	H6NJ06	A0A2P8HWB3
850	A0A2V2YRS9	H6NJ06	A0A2P8HWB3
851	A0A1M6AM16	H6NJ06	A0A2P8HWB3
852	A0A1G9Z9J7	H6NJ06	A0A2P8HWB3
853	A0A1G8EKC8	H6NJ06	A0A2P8HWB3
854	Q67P41	H6NJ06	A0A2P8HWB3
855	A0A2N5N4R9	H6NJ06	A0A2P8HWB3
856	A0A1H2RNT9	H6NJ06	A0A2P8HWB3
857	A0A1I6PYZ5	H6NJ06	A0A2P8HWB3
858	A0A369BQA4	H6NJ06	A0A2P8HWB3
859	A0A927LKR4	H6NJ06	A0A2P8HWB3
860	A0A1I2A196	H6NJ06	A0A2P8HWB3
861	A0A3D9IUZ7	H6NJ06	A0A2P8HWB3
862	A0A3D9KDB8	H6NJ06	A0A2P8HWB3
863	H3SMJ6	H6NJ06	A0A2P8HWB3
864	A0A1N6XPL3	H6NJ06	A0A2P8HWB3
865	A0A1H1NLS6	H6NJ06	A0A2P8HWB3
866	S9SRJ4	H6NJ06	A0A2P8HWB3
867	A0A383RFA1	H6NJ06	A0A2P8HWB3
868	K4ZNE4	H6NJ06	A0A2P8HWB3
869	A0A1G7LKS3	H6NJ06	A0A2P8HWB3
870	A0A1E1VP79	H6NJ06	A0A2P8HWB3
871	A0A1H4M779	H6NJ06	A0A2P8HWB3
872	A0A7W5C5M9	H6NJ06	A0A2P8HWB3
873	A0A368VUW8	H6NJ06	A0A2P8HWB3
874	A0A7W3SU43	H6NJ06	A0A2P8HWB3
875	A0A1G7MPY7	H6NJ06	A0A2P8HWB3
876	A0A1H6C592	H6NJ06	A0A2P8HWB3
877	F5LRY3	H6NJ06	A0A2P8HWB3
878	A0A1X7LIP8	H6NJ06	A0A2P8HWB3
879	A0A4R2A175	H6NJ06	A0A2P8HWB3
880	A0A1I2EWD9	H6NJ06	A0A2P8HWB3
881	R5AAF1	R5AAF1	R5AAF1
882	R6BGB2	R5AAF1	R5AAF1
883	A0A1H4GUM1	A0A1H4GUM1	A0A354HLF6
884	A0A1I2NVF2	A0A1I2NVF2	V9GE64
885	A0A410P2Z4	A0A410P2Z4	A0A348AMB8
886	A0A0D1KI97	A0A0D1KI97	L8DHP6
887	A0A1C5MEG6	A0A1C5MEG6	A0A1U7M8N9
888	A0A1V5Y1B4	A0A1V5Y1B4	A0A1V5Y1B4
889	A0A2R2W7J9	A0A2R2W7J9	C0ZCP7
890	A0A828ZJD3	A0A828ZJD3	A0A0D0RVH7
891	B1HNB1	A0A828ZJD3	A0A0D0RVH7
892	A0A828ZA80	A0A828ZJD3	A0A0D0RVH7
893	A0A2S5D4V8	A0A828ZJD3	A0A0D0RVH7
894	A0A173VAM1	A0A173VAM1	A0A1C5KMM8
895	A0A1V5X8L6	A0A1V5X8L6	A0A829ZMP2
896	A0A381EB14	A0A381EB14	A0A381EB14
897	A0A5P9HN22	A0A5P9HN22	A0A5P9HN22
898	A0A806TIM2	A0A806TIM2	A0A1G8SQW0
899	A0A3R8KZD9	A0A3R8KZD9	A0A348AMN4
900	A0A4Q9Y2B2	A0A3R8KZD9	A0A348AMN4
901	A0A151G438	A0A3R8KZD9	A0A348AMN4
902	A0A837NKK7	A0A3R8KZD9	A0A348AMN4
903	A0A2S1T6S5	A0A3R8KZD9	A0A348AMN4
904	A0A199QI91	A0A3R8KZD9	A0A348AMN4
905	A0A2S9VHJ2	A0A3R8KZD9	A0A348AMN4
906	A0A2S9VHR4	A0A3R8KZD9	A0A348AMN4
907	A0A3M6KJ44	A0A3R8KZD9	A0A348AMN4
908	A0A8D4N9Q9	A0A3R8KZD9	A0A348AMN4
909	A0A6F8ZGF4	A0A6F8ZGF4	A0A6F8ZGF4
910	A0A8B4YK50	A0A8B4YK50	A0A1G8SQW0
911	A0A7H4UHU4	A0A8B4YK50	A0A1G8SQW0
912	A0A199QGC2	A0A8B4YK50	A0A1G8SQW0
913	A0A2S9VQ97	A0A8B4YK50	A0A1G8SQW0
914	A0A2S9VWX9	A0A8B4YK50	A0A1G8SQW0
915	A0A2R3JQ84	A0A8B4YK50	A0A1G8SQW0
916	A0A837NG43	A0A8B4YK50	A0A1G8SQW0
917	A0A166PAQ3	A0A8B4YK50	A0A1G8SQW0
918	A0A6P1PI23	A0A8B4YK50	A0A1G8SQW0
919	A0A2R3JWI6	A0A8B4YK50	A0A1G8SQW0
920	A0A660DUY8	A0A8B4YK50	A0A1G8SQW0
921	A0A1W6NUB1	A0A8B4YK50	A0A1G8SQW0
922	A0A151G1C0	A0A8B4YK50	A0A1G8SQW0
923	A0A1E3KWC1	A0A8B4YK50	A0A1G8SQW0
924	A0A1C5KMM8	A0A1C5KMM8	A0A1C5KMM8
925	A0A1C5VJV2	A0A1C5VJV2	A0A1C5VJV2
926	A0A1C6KPI7	A0A1C6KPI7	A0A1V5LKA0
927	A0A1V4SIA2	A0A1V4SIA2	A0A1V4SIA2
928	A0A1V5YPB2	A0A1V5YPB2	A0A1V5YPB2
929	A0A2R8AFF2	A0A2R8AFF2	C0ZCP7
930	A0A378I0S2	A0A378I0S2	A0A518C016
931	A0A7U6KCS8	A0A7U6KCS8	A0A354HLF6
932	A0A1I3NBR2	A0A7U6KCS8	A0A354HLF6
933	R5ATJ0	R5ATJ0	R5ATJ0
934	A0A3D1V9H0	R5ATJ0	R5ATJ0
935	A0A351ATK1	R5ATJ0	R5ATJ0
936	A0A358PG88	R5ATJ0	R5ATJ0
937	U5Q6I1	U5Q6I1	A0A1V5LKA0
938	A0A1I2Q0D3	A0A1I2Q0D3	A0A354HLF6
939	A0A806TM40	A0A1I2Q0D3	A0A354HLF6
940	D5DMI3	A0A1I2Q0D3	A0A354HLF6
941	A0A1G9R611	A0A1I2Q0D3	A0A354HLF6
942	A0A4R6U5D9	A0A1I2Q0D3	A0A354HLF6
943	A0A7W0HIF8	A0A1I2Q0D3	A0A354HLF6
944	A0A7W9YPJ7	A0A1I2Q0D3	A0A354HLF6
945	A0A1I0SRQ5	A0A1I2Q0D3	A0A354HLF6
946	A0A0D0HPZ0	A0A1I2Q0D3	A0A354HLF6
947	A0A0D0R1P8	A0A1I2Q0D3	A0A354HLF6
948	A0A7W8JF50	A0A1I2Q0D3	A0A354HLF6
949	A0A1X7CYH2	A0A1I2Q0D3	A0A354HLF6
950	A0A3N6B640	A0A1I2Q0D3	A0A354HLF6
951	A0A5C0WE58	A0A5C0WE58	A0A348AMB8
952	A0A498U1G2	A0A5C0WE58	A0A348AMB8
953	A0A653PIK4	A0A5C0WE58	A0A348AMB8
954	A0A0D1KRP9	A0A0D1KRP9	A0A0D1KRP9
955	A0A1C5RUP2	A0A1C5RUP2	A0A348AMB8
956	A0A1C6KAV1	A0A1C5RUP2	A0A348AMB8
957	A0A1V6BVN9	A0A1V6BVN9	A0A1V6BVN9
958	A0A1V5YL97	A0A1V5YL97	A0A1V5YL97
959	A0A381ECX2	A0A381ECX2	L8DHP6
960	A0A829ZIN9	A0A829ZIN9	A0A829ZMP2
961	A0A1E3L7B8	A0A1E3L7B8	A0A1E3L7B8
962	A0A0P8W459	A0A0P8W459	A0A348AMN4
963	A0A151AKB7	A0A151AKB7	A0A348AMB8
964	A0A1C5KNM7	A0A1C5KNM7	A0A6N2TU31
965	A0A1C5VQP2	A0A1C5VQP2	R5N6Z6
966	A0A1C6KPN5	A0A1C6KPN5	A0A829ZMP2
967	A0A1V4SPK4	A0A1V4SPK4	A0A348AMB8
968	A0A1V6B291	A0A1V6B291	G8S0L0
969	A0A378MH08	A0A378MH08	A0A348AMB8
970	A0A7U6QII7	A0A7U6QII7	A0A354HLF6
971	A0A3N1XRM1	A0A7U6QII7	A0A354HLF6
972	R5E8N9	R5E8N9	R5E8N9
973	UPI0001CF73DB	UPI0001CF73DB	
974	A0A1I2Q7B9	A0A1I2Q7B9	R7HVK1
975	A0A1H4B6J9	A0A1I2Q7B9	R7HVK1
976	A0A3N5BWX9	A0A3N5BWX9	A0A1I0DL10
977	A0A1H0C001	A0A3N5BWX9	A0A1I0DL10
978	A0A8D3WY21	A0A8D3WY21	
979	D4CM90	D4CM90	R7HVK1
980	A0A7W9SHJ5	D4CM90	R7HVK1
981	C2KWA3	D4CM90	R7HVK1
982	R6SGY6	R6SGY6	R6SGY6
983	A0A1I0DL10	A0A1I0DL10	A0A1I0DL10
984	A0A4R3NA51	A0A1I0DL10	A0A1I0DL10
985	A0A841Q322	A0A1I0DL10	A0A1I0DL10
986	B1HNT4	A0A1I0DL10	A0A1I0DL10
987	A0A285SL59	A0A1I0DL10	A0A1I0DL10
988	A0A1H9L2R6	A0A1I0DL10	A0A1I0DL10
989	A0A828ZBQ5	A0A1I0DL10	A0A1I0DL10
990	A0A1H9PHL0	A0A1I0DL10	A0A1I0DL10
991	K1KTG7	A0A1I0DL10	A0A1I0DL10
992	A0A2X0YRU6	A0A1I0DL10	A0A1I0DL10
993	A0A0U9H5T9	A0A1I0DL10	A0A1I0DL10
994	W9AHF5	A0A1I0DL10	A0A1I0DL10
995	A0A1H1BWC1	A0A1I0DL10	A0A1I0DL10
996	N4WBM4	A0A1I0DL10	A0A1I0DL10
997	A0A852UPA4	A0A1I0DL10	A0A1I0DL10
998	Q03415	A0A1I0DL10	A0A1I0DL10
999	A0A1T5FFL5	A0A1I0DL10	A0A1I0DL10
1000	A0A2S5CUN3	A0A1I0DL10	A0A1I0DL10
1001	A0A2A9CI77	A0A1I0DL10	A0A1I0DL10
1002	R7ZAP0	A0A1I0DL10	A0A1I0DL10
1003	A0A1I0VFX2	A0A1I0DL10	A0A1I0DL10
1004	K6CUT2	A0A1I0DL10	A0A1I0DL10
1005	A0A072NN92	A0A1I0DL10	A0A1I0DL10
1006	A0A1I4IPR4	A0A1I0DL10	A0A1I0DL10
1007	A0A1I1V2S0	A0A1I0DL10	A0A1I0DL10
1008	W4VF76	A0A1I0DL10	A0A1I0DL10
1009	A0A5Q2N741	A0A1I0DL10	A0A1I0DL10
1010	A0A368XIR2	A0A1I0DL10	A0A1I0DL10
1011	A0A1M7PY33	A0A1I0DL10	A0A1I0DL10
1012	A0A1G8WUP1	A0A1I0DL10	A0A1I0DL10
1013	A0A841RL06	A0A1I0DL10	A0A1I0DL10
1014	A0A1M5CKY2	A0A1I0DL10	A0A1I0DL10
1015	A0A561CZ37	A0A1I0DL10	A0A1I0DL10
1016	A0A1H9NWM4	A0A1I0DL10	A0A1I0DL10
1017	D3FTN6	A0A1I0DL10	A0A1I0DL10
1018	L5NFE9	A0A1I0DL10	A0A1I0DL10
1019	A0A1I3XVR6	A0A1I0DL10	A0A1I0DL10
1020	A0A1H0S7C2	A0A1I0DL10	A0A1I0DL10
1021	A0A024P518	A0A1I0DL10	A0A1I0DL10
1022	I0JJQ9	A0A1I0DL10	A0A1I0DL10
1023	A0A1I2TFG7	A0A1I0DL10	A0A1I0DL10
1024	A0A1H3YWN1	A0A1I0DL10	A0A1I0DL10
1025	W1SBK2	A0A1I0DL10	A0A1I0DL10
1026	A0A3Q9RJY4	A0A1I0DL10	A0A1I0DL10
1027	A0A3N5BGA6	A0A1I0DL10	A0A1I0DL10
1028	A0A1H8ZLC7	A0A1I0DL10	A0A1I0DL10
1029	A0A1H0CPS7	A0A1I0DL10	A0A1I0DL10
1030	A0A024QBE7	A0A1I0DL10	A0A1I0DL10
1031	A0A1G8VRU2	A0A1I0DL10	A0A1I0DL10
1032	A0A1I6KYN6	A0A1I6KYN6	A0A354HLF6
1033	A0A841RQA6	A0A841RQA6	A0A841RQA6
1034	A0A1U7M8N9	A0A1U7M8N9	A0A1U7M8N9
1035	A0A259UKL0	A0A259UKL0	A0A348AMN4
1036	A0A259UA47	A0A259UKL0	A0A348AMN4
1037	A0A212LTD2	A0A259UKL0	A0A348AMN4
1038	A0A348ANV7	A0A259UKL0	A0A348AMN4
1039	A0A173WBD2	A0A259UKL0	A0A348AMN4
1040	A0A239TQ27	A0A259UKL0	A0A348AMN4
1041	A0A6N7B1P8	A0A6N7B1P8	A0A348AMN4
1042	C3JB20	C3JB20	C3JB20
1043	A0A2S5D4Q5	A0A2S5D4Q5	A0A1U7M8N9
1044	A0A4Y7RJ07	A0A4Y7RJ07	A0A1V5Q709
1045	A0A6N3A346	A0A6N3A346	A0A259UIB8
1046	G8S0L0	G8S0L0	G8S0L0
1047	A0A2R3JMM1	A0A2R3JMM1	A0A348AMB8
1048	A0A2I0YSV2	A0A2R3JMM1	A0A348AMB8
1049	A0A2R3JVC2	A0A2R3JMM1	A0A348AMB8
1050	A0A837NGG0	A0A2R3JMM1	A0A348AMB8
1051	A0A199QLE6	A0A2R3JMM1	A0A348AMB8
1052	A0A660E9L2	A0A2R3JMM1	A0A348AMB8
1053	A0A928PTA1	A0A928PTA1	
1054	A0A3D5TKR5	A0A928PTA1	
1055	A0A970U5P3	A0A928PTA1	
1056	A0A0B0HUJ2	A0A0B0HUJ2	A0A0B0HUJ2
1057	A0A8D3WX05	A0A0B0HUJ2	A0A0B0HUJ2
1058	A0A0M6Y3I1	A0A0M6Y3I1	C0ZCP7
1059	A0A2C9D077	A0A0M6Y3I1	C0ZCP7
1060	A0A0M6ZUG8	A0A0M6Y3I1	C0ZCP7
1061	A0A1C5PVP3	A0A1C5PVP3	A0A1V5LKA0
1062	A0A1V5N1S3	A0A1V5N1S3	A0A1V5YPB2
1063	A0A2K9IWA9	A0A2K9IWA9	A0A348AMB8
1064	W9AHW1	A0A2K9IWA9	A0A348AMB8
1065	A0A024Q709	A0A2K9IWA9	A0A348AMB8
1066	A0A8J2ZQ15	A0A2K9IWA9	A0A348AMB8
1067	A0A919X596	A0A2K9IWA9	A0A348AMB8
1068	A0A511ZQ48	A0A2K9IWA9	A0A348AMB8
1069	A0A0A1MP10	A0A2K9IWA9	A0A348AMB8
1070	A0A916RQ13	A0A2K9IWA9	A0A348AMB8
1071	A0A917PTZ4	A0A2K9IWA9	A0A348AMB8
1072	A0A917EYR8	A0A2K9IWA9	A0A348AMB8
1073	A0A024P3D8	A0A2K9IWA9	A0A348AMB8
1074	A0A917HQU1	A0A2K9IWA9	A0A348AMB8
1075	A0A511WPP4	A0A2K9IWA9	A0A348AMB8
1076	I3E8S5	A0A2K9IWA9	A0A348AMB8
1077	A0A6F8TS56	A0A2K9IWA9	A0A348AMB8
1078	A0A919X8C0	A0A2K9IWA9	A0A348AMB8
1079	A0A2Z2NI95	A0A2Z2NI95	A0A1V5YPB2
1080	A0A4U8Q2P8	A0A4U8Q2P8	A0A348AMN4
1081	A0A5P9HLP1	A0A5P9HLP1	A0A259UIB8
1082	R6VVK0	R6VVK0	A0A1I3GQ51
1083	A0A846MCS6	A0A846MCS6	R7C958
1084	A0A7U9RE39	A0A7U9RE39	A0A259UPD7
1085	A0A166IG42	A0A166IG42	A0A166IG42
1086	A0A379E877	A0A379E877	A0A379E877
1087	A0A379DHS9	A0A379E877	A0A379E877
1088	A0A0W1KLI1	A0A0W1KLI1	A0A239VVM8
1089	A0A380MAT3	A0A0W1KLI1	A0A239VVM8
1090	A0A1C5KNH6	A0A1C5KNH6	A0A1C5KNH6
1091	A0A174N6D9	A0A1C5KNH6	A0A1C5KNH6
1092	A0A174R579	A0A1C5KNH6	A0A1C5KNH6
1093	A0A174VJ40	A0A1C5KNH6	A0A1C5KNH6
1094	A0A1C5Q0B8	A0A1C5KNH6	A0A1C5KNH6
1095	A0A1C5YRA5	A0A1C5KNH6	A0A1C5KNH6
1096	A0A174F2M5	A0A1C5KNH6	A0A1C5KNH6
1097	A0A1V5DKK7	A0A1V5DKK7	A0A2Z5SIZ2
1098	A0A1V5C642	A0A1V5DKK7	A0A2Z5SIZ2
1099	A0A1V5CPL6	A0A1V5DKK7	A0A2Z5SIZ2
1100	A0A1V6IK87	A0A1V5DKK7	A0A2Z5SIZ2
1101	A0A1V4WXU4	A0A1V5DKK7	A0A2Z5SIZ2
1102	A0A1V4WUU8	A0A1V5DKK7	A0A2Z5SIZ2
1103	A0A1V5C9Y8	A0A1V5DKK7	A0A2Z5SIZ2
1104	A0A2S9Y483	A0A2S9Y483	A0A2S9Y483
1105	A0A7U9RW63	A0A7U9RW63	A0A1Y6AQ80
1106	A0A173SQ00	A0A173SQ00	A0A1Y6AQ80
1107	A0A173XJ87	A0A173SQ00	A0A1Y6AQ80
1108	A0A174MFZ4	A0A173SQ00	A0A1Y6AQ80
1109	A0A259UPD7	A0A259UPD7	A0A259UPD7
1110	A0A348AEV1	A0A259UPD7	A0A259UPD7
1111	A0A259ULV1	A0A259UPD7	A0A259UPD7
1112	A0A402BSX8	A0A259UPD7	A0A259UPD7
1113	A0A517DW27	A0A259UPD7	A0A259UPD7
1114	A0A388PTQ8	A0A388PTQ8	A0A259UPD7
1115	V4YL22	V4YL22	A0A259UPD7
1116	A0A132HN74	A0A132HN74	A0A132HN74
1117	C5C6Z4	A0A132HN74	A0A132HN74
1118	A0A2U3N4J8	A0A2U3N4J8	
1119	A0A508YJ95	A0A508YJ95	A0A829ZMP2
1120	M7NHB2	M7NHB2	A0A1G8SQW0
1121	A0A3D2HNQ3	A0A3D2HNQ3	A0A354HLF6
1122	A0A3C1CVP8	A0A3D2HNQ3	A0A354HLF6
1123	A0A3D0X651	A0A3D2HNQ3	A0A354HLF6
1124	A0A355TWJ6	A0A3D2HNQ3	A0A354HLF6
1125	A0A2N0UI41	A0A3D2HNQ3	A0A354HLF6
1126	A0A2N0UYX4	A0A3D2HNQ3	A0A354HLF6
1127	A0A3D2QTT4	A0A3D2HNQ3	A0A354HLF6
1128	A0A1C6HWL1	A0A3D2HNQ3	A0A354HLF6
1129	A0A373KNM1	A0A3D2HNQ3	A0A354HLF6
1130	A0A373KS91	A0A3D2HNQ3	A0A354HLF6
1131	A0A374N0C0	A0A3D2HNQ3	A0A354HLF6
1132	A0A374UMR1	A0A3D2HNQ3	A0A354HLF6
1133	A0A412DTU4	A0A3D2HNQ3	A0A354HLF6
1134	A0A412L9N7	A0A3D2HNQ3	A0A354HLF6
1135	A0A4Y8IGZ6	A0A4Y8IGZ6	A0A410WPK4
1136	A0A1H0BU55	A0A4Y8IGZ6	A0A410WPK4
1137	R7ITK9	R7ITK9	
1138	R6YTV6	R7ITK9	
1139	R7GGL2	R7ITK9	
1140	A0A0B0ICE3	A0A0B0ICE3	A0A0B0ICE3
1141	A0A0M7BHA5	A0A0M7BHA5	C0ZCP7
1142	A0A0M6XNK8	A0A0M7BHA5	C0ZCP7
1143	A0A0M6YGY7	A0A0M7BHA5	C0ZCP7
1144	A0A0P1EXJ2	A0A0M7BHA5	C0ZCP7
1145	A0A136JTC9	A0A136JTC9	A0A136JTC9
1146	A0A136JTG6	A0A136JTC9	A0A136JTC9
1147	A0A1C6H3I5	A0A1C6H3I5	R5E8N9
1148	A0A1C6GQL8	A0A1C6H3I5	R5E8N9
1149	A0A143Y3F3	A0A1C6H3I5	R5E8N9
1150	A0A173TWP3	A0A1C6H3I5	R5E8N9
1151	A0A1V5Q315	A0A1V5Q315	C0ZCP7
1152	A0A2M9V3Z7	A0A2M9V3Z7	A0A1V5LKA0
1153	A0A6N2W4T9	A0A2M9V3Z7	A0A1V5LKA0
1154	A0A108T752	A0A2M9V3Z7	A0A1V5LKA0
1155	A0A0P0FDA5	A0A2M9V3Z7	A0A1V5LKA0
1156	A0A0P0GID1	A0A2M9V3Z7	A0A1V5LKA0
1157	A0A1C5SRP4	A0A2M9V3Z7	A0A1V5LKA0
1158	A0A7J0A7V6	A0A2M9V3Z7	A0A1V5LKA0
1159	A0A328MZM0	A0A328MZM0	A0A348AMB8
1160	A0A810MPU0	A0A328MZM0	A0A348AMB8
1161	A0A328NHS7	A0A328MZM0	A0A348AMB8
1162	A0A3E2YLF3	A0A328MZM0	A0A348AMB8
1163	A0A6V8K468	A0A328MZM0	A0A348AMB8
1164	A0A2P8AVF0	A0A328MZM0	A0A348AMB8
1165	A0A4U8QLW8	A0A4U8QLW8	A0A6N2TU31
1166	A0A6N4X477	A0A6N4X477	A0A1V5YPB2
1167	A0A448LNM2	A0A6N4X477	A0A1V5YPB2
1168	A0A381FNH2	A0A6N4X477	A0A1V5YPB2
1169	A0A381JRI8	A0A6N4X477	A0A1V5YPB2
1170	A0A2X2X0R9	A0A6N4X477	A0A1V5YPB2
1171	A0A4U8WEF7	A0A6N4X477	A0A1V5YPB2
1172	A0A6N4XSY7	A0A6N4X477	A0A1V5YPB2
1173	A0A1T3EBH4	A0A6N4X477	A0A1V5YPB2
1174	A0A1A7KNR6	A0A6N4X477	A0A1V5YPB2
1175	A0A3S4N4G2	A0A6N4X477	A0A1V5YPB2
1176	A0A239XCD8	A0A6N4X477	A0A1V5YPB2
1177	A0A1S7DSV7	A0A6N4X477	A0A1V5YPB2
1178	A0A4V1AKT9	A0A6N4X477	A0A1V5YPB2
1179	A0A448NS63	A0A6N4X477	A0A1V5YPB2
1180	M7NQY8	M7NQY8	A0A1V5YPB2
1181	R7HVK1	R7HVK1	R7HVK1
1182	A0A1H0WTU6	A0A1H0WTU6	A0A0P8W7Z2
1183	A0A1I6AQI5	A0A1H0WTU6	A0A0P8W7Z2
1184	A0A1Y6F093	A0A1H0WTU6	A0A0P8W7Z2
1185	A0A561CFQ3	A0A1H0WTU6	A0A0P8W7Z2
1186	A0A852TD77	A0A1H0WTU6	A0A0P8W7Z2
1187	A0A561D8T5	A0A1H0WTU6	A0A0P8W7Z2
1188	A0A1I1F6F2	A0A1H0WTU6	A0A0P8W7Z2
1189	A0A0D0FND7	A0A1H0WTU6	A0A0P8W7Z2
1190	A0A0D0EWW0	A0A1H0WTU6	A0A0P8W7Z2
1191	A0A7U9SHV5	A0A7U9SHV5	A0A7U9SHV5
1192	A0A1C5XV24	A0A7U9SHV5	A0A7U9SHV5
1193	A0A1V4VXS9	A0A1V4VXS9	A0A1V4VXS9
1194	A0A4Y7RB34	A0A1V4VXS9	A0A1V4VXS9
1195	A0A3P8KH75	A0A3P8KH75	A0A0J6VLZ1
1196	A0A132I0H7	A0A132I0H7	A0A6V8LYJ9
1197	A0A378NMA0	A0A132I0H7	A0A6V8LYJ9
1198	A0A7Z7P8C5	A0A132I0H7	A0A6V8LYJ9
1199	A0A653J3P4	A0A132I0H7	A0A6V8LYJ9
1200	A0A1V5HWU4	A0A1V5HWU4	L8DHP6
1201	A0A559UND0	A0A559UND0	A0A1I0DL10
1202	A0A970N7P1	A0A970N7P1	
1203	A0A970FUE6	A0A970N7P1	
1204	A0A357WRL2	A0A970N7P1	
1205	A0A316P6S0	A0A970N7P1	
1206	A0A971NJL2	A0A971NJL2	
1207	S7VHP7	S7VHP7	S7VHP7
1208	A0A1V5XFJ6	A0A1V5XFJ6	A0A354HLF6
1209	A0A348AMB8	A0A348AMB8	A0A348AMB8
1210	A0A6N7B0I0	A0A6N7B0I0	A0A0P8W7Z2
1211	A0A174ZGT3	A0A174ZGT3	A0A174ZGT3
1212	A0A2K4ZQP4	A0A2K4ZQP4	A0A2K4ZQP4
1213	A0A7Z0VHT7	A0A7Z0VHT7	L8DHP6
1214	A0A084H117	A0A084H117	A0A1U7M8N9
1215	A0A0M0KF79	A0A084H117	A0A1U7M8N9
1216	A0A0M2PCH6	A0A084H117	A0A1U7M8N9
1217	A0A1L3MQX6	A0A084H117	A0A1U7M8N9
1218	A0A0V8JNZ3	A0A084H117	A0A1U7M8N9
1219	A0A0L1LSW1	A0A084H117	A0A1U7M8N9
1220	A0A179SV92	A0A084H117	A0A1U7M8N9
1221	A0A1X7FT98	A0A084H117	A0A1U7M8N9
1222	A0A163Z314	A0A084H117	A0A1U7M8N9
1223	A0A559UJ42	A0A084H117	A0A1U7M8N9
1224	A0A1V5RMR7	A0A1V5RMR7	A0A562JGS4
1225	A0A564W7U7	A0A564W7U7	A0A564W7U7
1226	A0A2K4ZD75	A0A564W7U7	A0A564W7U7
1227	A0A1C3RCD0	A0A1C3RCD0	A0A1V5Q709
1228	V7PZ44	V7PZ44	V7PZ44
1229	A0A1C5SKU4	A0A1C5SKU4	A0A6V8LYJ9
1230	A0A1V5Y434	A0A1V5Y434	A0A1V5LKA0
1231	A0A369QGF4	A0A369QGF4	A0A1V5YPB2
1232	A0A3P5WL68	A0A3P5WL68	A0A348AMB8
1233	A0A511Z9R6	A0A3P5WL68	A0A348AMB8
1234	A0A7L4ZEX7	A0A7L4ZEX7	A0A7L4ZEX7
1235	A0A8T9DWY8	A0A7L4ZEX7	A0A7L4ZEX7
1236	A0A385BU75	A0A7L4ZEX7	A0A7L4ZEX7
1237	A0A1A6AKX1	A0A1A6AKX1	
1238	A0A1V5U177	A0A1V5U177	A0A6N2TU31
1239	A0A2K9E0S4	A0A2K9E0S4	A0A1V5LKA0
1240	A0A1H9PQ19	A0A1H9PQ19	A0A0P8W7Z2
1241	A0A1H9G4G2	A0A1H9PQ19	A0A0P8W7Z2
1242	A0A1M6BA32	A0A1H9PQ19	A0A0P8W7Z2
1243	A0A841EPG5	A0A841EPG5	V9GE64
1244	W4B054	A0A841EPG5	V9GE64
1245	A0A7Z7G2G4	A0A841EPG5	V9GE64
1246	A0A2W0CJW2	A0A841EPG5	V9GE64
1247	A0A2V4WA24	A0A841EPG5	V9GE64
1248	A0A100VJ97	A0A841EPG5	V9GE64
1249	A0A2M9MPH8	A0A841EPG5	V9GE64
1250	A0A3N6CAZ5	A0A841EPG5	V9GE64
1251	A0A855Y176	A0A841EPG5	V9GE64
1252	A0A1G5IFD4	A0A841EPG5	V9GE64
1253	A0A1G6Q1J7	A0A841EPG5	V9GE64
1254	A0A1H3YX95	A0A841EPG5	V9GE64
1255	A0A1H7RDY5	A0A841EPG5	V9GE64
1256	A0A7U9MXQ8	A0A7U9MXQ8	A0A1Y6AQ80
1257	A0A140L960	A0A140L960	A0A1V5LKA0
1258	A0A6J4GK14	A0A6J4GK14	A0A259UPD7
1259	A0A0X7BAL7	A0A6J4GK14	A0A259UPD7
1260	A0A917ET50	A0A917ET50	
1261	I0JQV7	A0A917ET50	
1262	A0A285URD1	A0A285URD1	A0A1U7M8N9
1263	A0A285TJT8	A0A285URD1	A0A1U7M8N9
1264	A0A0B0IHH8	A0A285URD1	A0A1U7M8N9
1265	A0A4R2BL39	A0A285URD1	A0A1U7M8N9
1266	U5L9M4	A0A285URD1	A0A1U7M8N9
1267	A0A562JCA3	A0A285URD1	A0A1U7M8N9
1268	A0A366JQH0	A0A285URD1	A0A1U7M8N9
1269	A0A1H8EXS6	A0A285URD1	A0A1U7M8N9
1270	A0A919WN25	A0A919WN25	
1271	A0A2M8TZZ9	A0A2M8TZZ9	A0A2M8TZZ9
1272	A0A349QQV8	A0A349QQV8	A0A1I0DL10
1273	A0A6N3F099	A0A349QQV8	A0A1I0DL10
1274	A0A173SDE8	A0A349QQV8	A0A1I0DL10
1275	A0A350S201	A0A349QQV8	A0A1I0DL10
1276	A0A3C2DWB0	A0A349QQV8	A0A1I0DL10
1277	A0A3D2GBA7	A0A349QQV8	A0A1I0DL10
1278	A0A1C5QEF8	A0A349QQV8	A0A1I0DL10
1279	A0A3D2PX99	A0A349QQV8	A0A1I0DL10
1280	A0A358PT18	A0A349QQV8	A0A1I0DL10
1281	A0A1Q6SLD7	A0A349QQV8	A0A1I0DL10
1282	A0A3D5LLX7	A0A349QQV8	A0A1I0DL10
1283	A0A7U9WZ47	A0A349QQV8	A0A1I0DL10
1284	A0A351R3V3	A0A349QQV8	A0A1I0DL10
1285	A0A0M6WWS7	A0A349QQV8	A0A1I0DL10
1286	A0A173SB35	A0A349QQV8	A0A1I0DL10
1287	A0A357B1L4	A0A349QQV8	A0A1I0DL10
1288	A0A2V2CS49	A0A349QQV8	A0A1I0DL10
1289	A0A174G463	A0A349QQV8	A0A1I0DL10
1290	A0A3D4Y6H0	A0A349QQV8	A0A1I0DL10
1291	G2SX75	A0A349QQV8	A0A1I0DL10
1292	A0A1Q6TG45	A0A349QQV8	A0A1I0DL10
1293	A0A4R1N543	A0A4R1N543	A0A4R1N543
1294	R6PMA1	R6PMA1	R6MIH8
1295	A0A1C6ADJ8	A0A1C6ADJ8	A0A259UPD7
1296	A0A4V3CSG6	A0A4V3CSG6	A0A0P8W7Z2
1297	Q736M3	Q736M3	A0A348AMB8
1298	J8IMQ4	Q736M3	A0A348AMB8
1299	A0A090YKG8	Q736M3	A0A348AMB8
1300	A0A1Y6AJR7	Q736M3	A0A348AMB8
1301	A0A1Y6AWI1	Q736M3	A0A348AMB8
1302	A0A2P0HF70	Q736M3	A0A348AMB8
1303	A0A1B1L6V9	Q736M3	A0A348AMB8
1304	A0A2S9XVU2	Q736M3	A0A348AMB8
1305	A0A806TQ60	Q736M3	A0A348AMB8
1306	A0A024Q7X5	Q736M3	A0A348AMB8
1307	A0A143Q8D1	A0A143Q8D1	A0A0J6VLZ1
1308	A0A1S8P0B0	A0A1S8P0B0	A0A1Y6AQ80
1309	A0A1S8QVH8	A0A1S8P0B0	A0A1Y6AQ80
1310	A0A1S8RVE6	A0A1S8P0B0	A0A1Y6AQ80
1311	A0A1S8SBL5	A0A1S8P0B0	A0A1Y6AQ80
1312	A0A1S8NWX3	A0A1S8P0B0	A0A1Y6AQ80
1313	A0A653ARH4	A0A1S8P0B0	A0A1Y6AQ80
1314	A0A378Q7Y3	A0A378Q7Y3	L8DHP6
1315	A0A378Q1P0	A0A378Q7Y3	L8DHP6
1316	A0A6N3BHG0	A0A6N3BHG0	A0A1U7M8N9
1317	UPI001BDB9821	UPI001BDB9821	
1318	A0A8G0TN23	UPI001BDB9821	
1319	UPI0004649A92	UPI001BDB9821	
1320	UPI0009F7343A	UPI001BDB9821	
1321	UPI001293C30E	UPI001BDB9821	
1322	UPI0022807482	UPI001BDB9821	
1323	A0A8G0WK54	UPI001BDB9821	
1324	UPI0004679F71	UPI001BDB9821	
1325	UPI000ACC93C1	UPI001BDB9821	
1326	UPI00137484FB	UPI001BDB9821	
1327	UPI002280A9D8	UPI001BDB9821	
1328	A0A6A8FPK7	UPI001BDB9821	
1329	UPI000493F016	UPI001BDB9821	
1330	UPI000B3E49FD	UPI001BDB9821	
1331	UPI0013783F42	UPI001BDB9821	
1332	UPI002280E66F	UPI001BDB9821	
1333	UPI0004946308	UPI001BDB9821	
1334	UPI000B42DF4B	UPI001BDB9821	
1335	UPI0013BA2BEA	UPI001BDB9821	
1336	UPI0022814A49	UPI001BDB9821	
1337	A0A6H0WSD3	UPI001BDB9821	
1338	UPI00049F76D6	UPI001BDB9821	
1339	UPI000B443AAC	UPI001BDB9821	
1340	UPI0013D00892	UPI001BDB9821	
1341	UPI0022815E9D	UPI001BDB9821	
1342	A0A6H2JVI1	UPI001BDB9821	
1343	UPI0004CFD86E	UPI001BDB9821	
1344	UPI000B52EECE	UPI001BDB9821	
1345	UPI0013D16301	UPI001BDB9821	
1346	UPI0022818CAC	UPI001BDB9821	
1347	UPI000516E55C	UPI001BDB9821	
1348	UPI000BA8553F	UPI001BDB9821	
1349	UPI00178CAB6D	UPI001BDB9821	
1350	UPI0022820454	UPI001BDB9821	
1351	UPI00056F566C	UPI001BDB9821	
1352	UPI000C77A590	UPI001BDB9821	
1353	UPI0022820F59	UPI001BDB9821	
1354	UPI000589D2F9	UPI001BDB9821	
1355	UPI000C9EEC13	UPI001BDB9821	
1356	UPI001BDB9C6D	UPI001BDB9821	
1357	UPI0022821518	UPI001BDB9821	
1358	UPI0005974F89	UPI001BDB9821	
1359	UPI000CD09DF8	UPI001BDB9821	
1360	UPI001BDBA3BA	UPI001BDB9821	
1361	UPI0022826123	UPI001BDB9821	
1362	UPI00059DF5E3	UPI001BDB9821	
1363	UPI000CDA6085	UPI001BDB9821	
1364	UPI001BDBAE37	UPI001BDB9821	
1365	UPI002282704F	UPI001BDB9821	
1366	A0A164YHE1	UPI001BDB9821	
1367	UPI0005A13DEE	UPI001BDB9821	
1368	UPI000CDA693A	UPI001BDB9821	
1369	UPI001CDCD0C5	UPI001BDB9821	
1370	UPI0022827E05	UPI001BDB9821	
1371	D9I2X1	UPI001BDB9821	
1372	UPI0005A4B94F	UPI001BDB9821	
1373	UPI000D777A7F	UPI001BDB9821	
1374	UPI001E554A75	UPI001BDB9821	
1375	UPI0022829E52	UPI001BDB9821	
1376	E0U4Y9	UPI001BDB9821	
1377	UPI0005B669D6	UPI001BDB9821	
1378	UPI000E2F7ABF	UPI001BDB9821	
1379	UPI001E633981	UPI001BDB9821	
1380	UPI0022AA0C16	UPI001BDB9821	
1381	UPI0005C79CE7	UPI001BDB9821	
1382	UPI000E721E70	UPI001BDB9821	
1383	UPI001EE09278	UPI001BDB9821	
1384	G4P1I6	UPI001BDB9821	
1385	UPI00065D4A9B	UPI001BDB9821	
1386	UPI000E7329F2	UPI001BDB9821	
1387	UPI001FD8A655	UPI001BDB9821	
1388	UPI000670C5C7	UPI001BDB9821	
1389	UPI000F096D61	UPI001BDB9821	
1390	UPI00202A5E4F	UPI001BDB9821	
1391	UPI000683E4AC	UPI001BDB9821	
1392	UPI000F48C209	UPI001BDB9821	
1393	UPI00202AEE24	UPI001BDB9821	
1394	UPI00069FAEAB	UPI001BDB9821	
1395	UPI000F5261DA	UPI001BDB9821	
1396	UPI00202B276E	UPI001BDB9821	
1397	UPI0006A80776	UPI001BDB9821	
1398	UPI000F5290EB	UPI001BDB9821	
1399	UPI00203FE57C	UPI001BDB9821	
1400	UPI000745D6BE	UPI001BDB9821	
1401	UPI000F543356	UPI001BDB9821	
1402	UPI0020B33D17	UPI001BDB9821	
1403	M4KWM6	UPI001BDB9821	
1404	UPI00086B51F1	UPI001BDB9821	
1405	UPI000F63D0B6	UPI001BDB9821	
1406	UPI0020B42058	UPI001BDB9821	
1407	UPI00089E02E9	UPI001BDB9821	
1408	UPI0010099A0F	UPI001BDB9821	
1409	UPI002116E6B1	UPI001BDB9821	
1410	UPI000932BB62	UPI001BDB9821	
1411	UPI00103AB842	UPI001BDB9821	
1412	UPI0021C84FAB	UPI001BDB9821	
1413	UPI000932DB22	UPI001BDB9821	
1414	UPI00105F0AE2	UPI001BDB9821	
1415	UPI00227D9AB6	UPI001BDB9821	
1416	UPI0009529A1A	UPI001BDB9821	
1417	UPI0010634B49	UPI001BDB9821	
1418	UPI00227E2780	UPI001BDB9821	
1419	P96740	UPI001BDB9821	
1420	UPI000970A346	UPI001BDB9821	
1421	UPI001066ADF0	UPI001BDB9821	
1422	UPI00227E3695	UPI001BDB9821	
1423	UPI0009B305BC	UPI001BDB9821	
1424	UPI001150F02D	UPI001BDB9821	
1425	UPI00227ECBD2	UPI001BDB9821	
1426	A0A8D5WFY9	UPI001BDB9821	
1427	UPI0009B51D35	UPI001BDB9821	
1428	UPI0011A078B2	UPI001BDB9821	
1429	UPI00227F6679	UPI001BDB9821	
1430	UPI0009B547DC	UPI001BDB9821	
1431	UPI0011C9B9A7	UPI001BDB9821	
1432	UPI00228023C3	UPI001BDB9821	
1433	A0A8F7SM63	UPI001BDB9821	
1434	UPI00022BB1F2	UPI001BDB9821	
1435	UPI0009B5599B	UPI001BDB9821	
1436	UPI0011DCA035	UPI001BDB9821	
1437	UPI002280504B	UPI001BDB9821	
1438	A0A8F9X3R1	UPI001BDB9821	
1439	UPI0002A14634	UPI001BDB9821	
1440	UPI0009F5A88F	UPI001BDB9821	
1441	UPI0011E8E255	UPI001BDB9821	
1442	UPI00228070D2	UPI001BDB9821	
1443	E9NPA6	UPI001BDB9821	
1444	I2HW05	UPI001BDB9821	
1445	A0A7W4LV96	UPI001BDB9821	
1446	A0A4V7TTP2	UPI001BDB9821	
1447	S6FKS7	UPI001BDB9821	
1448	A0A8B5YHC2	UPI001BDB9821	
1449	A0A6C1VQR4	UPI001BDB9821	
1450	A0A7Z1B5S4	UPI001BDB9821	
1451	M5NZY7	UPI001BDB9821	
1452	A0A1C3SKD6	UPI001BDB9821	
1453	Q0KG20	UPI001BDB9821	
1454	A0A8D4BIG3	UPI001BDB9821	
1455	A0A0B6AVY6	UPI001BDB9821	
1456	A0A806UC77	UPI001BDB9821	
1457	A0A5C0WI84	UPI001BDB9821	
1458	A0A498U217	UPI001BDB9821	
1459	M5RJH3	UPI001BDB9821	
1460	A0A0P9AH63	A0A0P9AH63	A0A829ZMP2
1461	A0A1V4XN89	A0A1V4XN89	A0A2Z5SIZ2
1462	A0A2H5WX43	A0A2H5WX43	A0A348AMB8
1463	A0A0B7MQS5	A0A0B7MQS5	A0A0B7MQS5
1464	A0A2N2CPI6	A0A2N2CPI6	A0A0P8W7Z2
1465	A0A971CFW4	A0A2N2CPI6	A0A0P8W7Z2
1466	A0A4Y7RTG8	A0A4Y7RTG8	A0A1G8SQW0
1467	A0A6V7QZQ8	A0A6V7QZQ8	C0ZCP7
1468	A0A6V7R5V3	A0A6V7QZQ8	C0ZCP7
1469	A0A940NV69	A0A940NV69	
1470	A0A3B8NYU2	A0A940NV69	
1471	A0A0B0I7I5	A0A0B0I7I5	C0ZCP7
1472	A0A0B0I0E4	A0A0B0I7I5	C0ZCP7
1473	A0A120MYW0	A0A120MYW0	A0A1V5YPB2
1474	A0A174QGN6	A0A174QGN6	A0A6V8LYJ9
1475	A0A564UDL0	A0A174QGN6	A0A6V8LYJ9
1476	A0A1C6FXM9	A0A1C6FXM9	A0A348AMB8
1477	A0A1V5NVM4	A0A1V5NVM4	A0A1V5YPB2
1478	A0A1Y2N617	A0A1Y2N617	A0A1V5LKA0
1479	A0A4U8Q5S6	A0A4U8Q5S6	A0A4U8Q5S6
1480	R7C958	R7C958	R7C958
1481	A0A1I0IK82	A0A1I0IK82	V9GE64
1482	A0A1I6K6U8	A0A1I0IK82	V9GE64
1483	A0A7U9RTF9	A0A7U9RTF9	A0A7U9RTF9
1484	A0A168FWE9	A0A168FWE9	A0A168FWE9
1485	A0A5P9QD35	A0A168FWE9	A0A168FWE9
1486	A0A1U7MJW2	A0A1U7MJW2	L8DHP6
1487	A0A259UVF4	A0A1U7MJW2	L8DHP6
1488	A0A212LTT3	A0A1U7MJW2	L8DHP6
1489	A0A380NJE3	A0A380NJE3	A0A1U7M8N9
1490	A0A6P2EXD0	A0A6P2EXD0	A0A259UPD7
1491	A0A6P2ELK7	A0A6P2EXD0	A0A259UPD7
1492	A0A6P2F163	A0A6P2EXD0	A0A259UPD7
1493	A0A6P2FDW0	A0A6P2EXD0	A0A259UPD7
1494	W7X850	A0A6P2EXD0	A0A259UPD7
1495	A0A4Y7S7B8	A0A4Y7S7B8	A0A1C5VJV2
1496	A0A4Y7R8Q8	A0A4Y7S7B8	A0A1C5VJV2
1497	A0A6V7R5K0	A0A6V7R5K0	A0A829ZMP2
1498	K1L129	K1L129	A0A1U7M8N9
1499	A0A2R3JUC6	A0A2R3JUC6	A0A6N2TU31
1500	A0A151G0K1	A0A2R3JUC6	A0A6N2TU31
1501	A0A837NKY6	A0A2R3JUC6	A0A6N2TU31
1502	A0A1W6NRR5	A0A2R3JUC6	A0A6N2TU31
1503	A0A2R3JLY8	A0A2R3JUC6	A0A6N2TU31
1504	A0A370AB50	A0A2R3JUC6	A0A6N2TU31
1505	A0A199QIH8	A0A2R3JUC6	A0A6N2TU31
1506	A0A2S9VV53	A0A2R3JUC6	A0A6N2TU31
1507	A0A0B0I952	A0A0B0I952	R6MIH8
1508	A0A173S7J0	A0A173S7J0	R7HVK1
1509	A0A1C5Q6A7	A0A1C5Q6A7	A0A136JTC9
1510	A0A1S1V641	A0A1S1V641	A0A1Y6AQ80
1511	A0A1V5NZ85	A0A1V5NZ85	A0A1V5YPB2
1512	A0A328MYN6	A0A328MYN6	A0A328MYN6
1513	A0A328NN67	A0A328MYN6	A0A328MYN6
1514	A0A3B0PVY9	A0A3B0PVY9	A0A1V5YPB2
1515	A0A4U8Q8Z5	A0A4U8Q8Z5	A0A174TDS3
1516	A0A1C5KPL5	A0A4U8Q8Z5	A0A174TDS3
1517	A0A6N3I4R8	A0A6N3I4R8	A0A1Y6AQ80
1518	A0A1C5RWI8	A0A6N3I4R8	A0A1Y6AQ80
1519	A0A0F0CIG8	A0A6N3I4R8	A0A1Y6AQ80
1520	A0A8G2HRI5	A0A8G2HRI5	
1521	R7FUQ9	R7FUQ9	A0A354HLF6
1522	A0A174TDS3	A0A174TDS3	A0A174TDS3
1523	A0A174TC97	A0A174TDS3	A0A174TDS3
1524	A0A173WHC1	A0A174TDS3	A0A174TDS3
1525	A0A1C5QP14	A0A1C5QP14	A0A1V5LKA0
1526	A0A7U9R2H9	A0A1C5QP14	A0A1V5LKA0
1527	A0A7U9WQE5	A0A1C5QP14	A0A1V5LKA0
1528	A0A7U9XGK3	A0A1C5QP14	A0A1V5LKA0
1529	A0A7U9MSJ1	A0A1C5QP14	A0A1V5LKA0
1530	A0A2K4ZC18	A0A1C5QP14	A0A1V5LKA0
1531	A0A7U9N0N3	A0A1C5QP14	A0A1V5LKA0
1532	A0A6N2RX49	A0A1C5QP14	A0A1V5LKA0
1533	A0A1C5NS39	A0A1C5QP14	A0A1V5LKA0
1534	A0A1C5NTT5	A0A1C5QP14	A0A1V5LKA0
1535	A0A1C5PZ11	A0A1C5QP14	A0A1V5LKA0
1536	A0A1C5ZXH7	A0A1C5QP14	A0A1V5LKA0
1537	A0A1C6HAI5	A0A1C6HAI5	A0A829ZMP2
1538	A0A1V5S4G7	A0A1V5S4G7	A0A1I0DL10
1539	R7K1S2	R7K1S2	A0A2W7MNT1
1540	A0A1M4ZJU8	A0A1M4ZJU8	A0A354HLF6
1541	A0A1C6IXD6	A0A1M4ZJU8	A0A354HLF6
1542	A0A1C5ZDE9	A0A1M4ZJU8	A0A354HLF6
1543	A0A562K2Q9	A0A562K2Q9	A0A2W7MNT1
1544	A0A7U9SWI7	A0A7U9SWI7	A0A174CGJ4
1545	A0A080M2G0	A0A080M2G0	L8DHP6
1546	A0A080LTB7	A0A080M2G0	L8DHP6
1547	A0A288QYN7	A0A288QYN7	A0A288QYN7
1548	A0A3S4MVH7	A0A3S4MVH7	L8DHP6
1549	G8SE27	G8SE27	A0A6V8LYJ9
1550	A0A136K0C9	A0A136K0C9	A0A136K0C9
1551	A0A1D7XDQ2	A0A1D7XDQ2	A0A259UPD7
1552	A0A1J5JJW8	A0A1D7XDQ2	A0A259UPD7
1553	A0A1J5NHE0	A0A1D7XDQ2	A0A259UPD7
1554	A0A853W2E7	A0A1D7XDQ2	A0A259UPD7
1555	A0A151B0C6	A0A1D7XDQ2	A0A259UPD7
1556	A0A2T0AVI9	A0A1D7XDQ2	A0A259UPD7
1557	A0A1V5KVW1	A0A1V5KVW1	A0A1V5KVW1
1558	A0A2Z5SIZ2	A0A2Z5SIZ2	A0A2Z5SIZ2
1559	A0A561DLU9	A0A561DLU9	A0A1I0DL10
1560	A0A1I0SEW6	A0A561DLU9	A0A1I0DL10
1561	A0A023CM44	A0A561DLU9	A0A1I0DL10
1562	A0A0K9HJT9	A0A561DLU9	A0A1I0DL10
1563	A0A4R1QCX3	A0A561DLU9	A0A1I0DL10
1564	A0A167TXF5	A0A561DLU9	A0A1I0DL10
1565	A0A8F5H5D1	A0A561DLU9	A0A1I0DL10
1566	L8A0L5	A0A561DLU9	A0A1I0DL10
1567	A0A1Q5T3B5	A0A561DLU9	A0A1I0DL10
1568	A0A846MIT6	A0A561DLU9	A0A1I0DL10
1569	A0A561X512	A0A561DLU9	A0A1I0DL10
1570	A0A0N0I8E6	A0A561DLU9	A0A1I0DL10
1571	A0A178TYG3	A0A561DLU9	A0A1I0DL10
1572	Q5KX60	A0A561DLU9	A0A1I0DL10
1573	S7SSN5	A0A561DLU9	A0A1I0DL10
1574	A0A023DAS0	A0A561DLU9	A0A1I0DL10
1575	A0A7V9Z3T7	A0A561DLU9	A0A1I0DL10
1576	A0A150LJG3	A0A561DLU9	A0A1I0DL10
1577	A0A377G2Y2	A0A561DLU9	A0A1I0DL10
1578	A0A0D8BW35	A0A561DLU9	A0A1I0DL10
1579	A0A7W8IS51	A0A561DLU9	A0A1I0DL10
1580	C5D4B8	A0A561DLU9	A0A1I0DL10
1581	A0A150MMY1	A0A561DLU9	A0A1I0DL10
1582	I8UC56	A0A561DLU9	A0A1I0DL10
1583	A0A1G9WB87	A0A561DLU9	A0A1I0DL10
1584	A0A1I1UE60	A0A561DLU9	A0A1I0DL10
1585	A0A1I1IZ43	A0A561DLU9	A0A1I0DL10
1586	A0A3Q9RQE4	A0A561DLU9	A0A1I0DL10
1587	A0A4Q7QSL7	A0A561DLU9	A0A1I0DL10
1588	A0A0B8XUM8	A0A0B8XUM8	A0A1V5YPB2
1589	A0A136MQA7	A0A136MQA7	A0A348AMB8
1590	A0A1C6HRE6	A0A1C6HRE6	A0A1Y6AQ80
1591	A0A1S8QV46	A0A1S8QV46	A0A1S8QV46
1592	A0A1V5S595	A0A1V5S595	A0A354HLF6
1593	A0A4U9JNL7	A0A4U9JNL7	A0A1V5LKA0
1594	F5XN07	F5XN07	A0A259UPD7
1595	R7K962	R7K962	A0A1I3GQ51
1596	A0A562QT20	A0A562QT20	A0A254NPA3
1597	A0A6L3V8H3	A0A562QT20	A0A254NPA3
1598	A0A2P6ML52	A0A562QT20	A0A254NPA3
1599	A0A859FI81	A0A562QT20	A0A254NPA3
1600	A0A7U9SZ82	A0A7U9SZ82	A0A6N2TU31
1601	A0A7U9QYQ8	A0A7U9SZ82	A0A6N2TU31
1602	A0A080MA22	A0A080MA22	L8DHP6
1603	A0A011NNL4	A0A080MA22	L8DHP6
1604	A0A011QLD6	A0A080MA22	L8DHP6
1605	A0A084Y4A7	A0A080MA22	L8DHP6
1606	A0A533QRL7	A0A080MA22	L8DHP6
1607	A0A2H5XCJ1	A0A2H5XCJ1	A0A259UPD7
1608	A0A6V8LYJ9	A0A6V8LYJ9	A0A6V8LYJ9
1609	A0A1V6BHJ7	A0A1V6BHJ7	A0A1V5YPB2
1610	A0A239VVM8	A0A239VVM8	A0A239VVM8
1611	A0A376EMN6	A0A239VVM8	A0A239VVM8
1612	A0A7X5TD29	A0A7X5TD29	A0A1V5YPB2
1613	R5KSG7	R5KSG7	R5KSG7
1614	V9GE64	V9GE64	V9GE64
1615	A0A839TQX6	V9GE64	V9GE64
1616	W7YVN1	V9GE64	V9GE64
1617	A0A3D9GQP0	V9GE64	V9GE64
1618	A0A1I0AYD0	V9GE64	V9GE64
1619	A0A1G8EWL0	V9GE64	V9GE64
1620	A0A2M9N4J4	V9GE64	V9GE64
1621	F3ME32	V9GE64	V9GE64
1622	A0A1X7H1U1	V9GE64	V9GE64
1623	A0A1H7LR63	V9GE64	V9GE64
1624	A0A1G4RTX8	V9GE64	V9GE64
1625	A0A8I2BY96	V9GE64	V9GE64
1626	G7W4F3	V9GE64	V9GE64
1627	H6CGK4	V9GE64	V9GE64
1628	A0A378XWU8	V9GE64	V9GE64
1629	A0A1G8S2X6	A0A1G8S2X6	A0A1G8S2X6
1630	A0A1I3FHS7	A0A1I3FHS7	A0A1I3FHS7
1631	A0A6N8HNH9	A0A6N8HNH9	A0A1V5LKA0
1632	A0A1C5WD06	A0A1C5WD06	A0A174ZGT3
1633	A0A1C6IBE4	A0A1C5WD06	A0A174ZGT3
1634	A0A174TKR8	A0A1C5WD06	A0A174ZGT3
1635	A0A1C5MU36	A0A1C5WD06	A0A174ZGT3
1636	A0A1C6JM90	A0A1C5WD06	A0A174ZGT3
1637	A0A564USV1	A0A1C5WD06	A0A174ZGT3
1638	A0A1C5VKW1	A0A1C5WD06	A0A174ZGT3
1639	A0A143X3H5	A0A1C5WD06	A0A174ZGT3
1640	A0A174QFW1	A0A1C5WD06	A0A174ZGT3
1641	A0A1C5LUC3	A0A1C5WD06	A0A174ZGT3
1642	A0A1C6JJA5	A0A1C5WD06	A0A174ZGT3
1643	A0A329TNF5	A0A1C5WD06	A0A174ZGT3
1644	A0A1C5S0Y9	A0A1C5WD06	A0A174ZGT3
1645	A0A1Y0VKX2	A0A1Y0VKX2	L8DHP6
1646	A0A8F5H2Q7	A0A8F5H2Q7	
1647	A0A098EI80	A0A8F5H2Q7	
1648	U5WF86	U5WF86	G8S0L0
1649	A0A6G4ZR44	A0A6G4ZR44	D6YTN7
1650	A0A8A0RIX7	A0A8A0RIX7	
1651	A0A075R247	A0A075R247	A0A259UPD7
1652	A0A0S2HXD7	A0A0S2HXD7	A0A1V5YPB2
1653	A0A151B350	A0A151B350	A0A1Y6AQ80
1654	A0A1D3UJG1	A0A1D3UJG1	A0A1V5LKA0
1655	A0A1V6CVW6	A0A1V6CVW6	A0A1V5YPB2
1656	A0A239WTS9	A0A239WTS9	A0A259UPD7
1657	A0A2S6XDR4	A0A2S6XDR4	A0A259UPD7
1658	A0A380BIQ4	A0A380BIQ4	A0A1V5YPB2
1659	A0A654DL10	A0A380BIQ4	A0A1V5YPB2
1660	A0A4U9W399	A0A380BIQ4	A0A1V5YPB2
1661	A0A518C016	A0A518C016	A0A518C016
1662	A0A6M2A7F0	A0A6M2A7F0	A0A348AMB8
1663	A0A7Z0WWS2	A0A7Z0WWS2	A0A1I0DL10
1664	A0A1Y0XKI8	A0A7Z0WWS2	A0A1I0DL10
1665	A0A6C1W0B4	A0A7Z0WWS2	A0A1I0DL10
1666	A0A1C3SFZ9	A0A7Z0WWS2	A0A1I0DL10
1667	A0A498TVJ0	A0A7Z0WWS2	A0A1I0DL10
1668	A0A5C0WLA1	A0A7Z0WWS2	A0A1I0DL10
1669	A0A837EFI4	A0A7Z0WWS2	A0A1I0DL10
1670	A0A1K2BB55	A0A7Z0WWS2	A0A1I0DL10
1671	M5QZR4	A0A7Z0WWS2	A0A1I0DL10
1672	K2NAB6	A0A7Z0WWS2	A0A1I0DL10
1673	G4ETU0	A0A7Z0WWS2	A0A1I0DL10
1674	A0A164ZD18	A0A7Z0WWS2	A0A1I0DL10
1675	A0A837XWP1	A0A7Z0WWS2	A0A1I0DL10
1676	A0A4R6HWY1	A0A7Z0WWS2	A0A1I0DL10
1677	A0A0C3KJ32	A0A7Z0WWS2	A0A1I0DL10
1678	G4NQA9	A0A7Z0WWS2	A0A1I0DL10
1679	A0A6H2JSE0	A0A7Z0WWS2	A0A1I0DL10
1680	A0A370GL28	A0A7Z0WWS2	A0A1I0DL10
1681	A0A411A806	A0A7Z0WWS2	A0A1I0DL10
1682	S6FMS8	A0A7Z0WWS2	A0A1I0DL10
1683	I2C7R5	A0A7Z0WWS2	A0A1I0DL10
1684	I2HT57	A0A7Z0WWS2	A0A1I0DL10
1685	A0A1I3GQ51	A0A1I3GQ51	A0A1I3GQ51
1686	A0A1M6HTI5	A0A1I3GQ51	A0A1I3GQ51
1687	A0A1G5S0Z7	A0A1I3GQ51	A0A1I3GQ51
1688	A0A916BQR8	A0A916BQR8	
1689	A0A1V5WBM4	A0A916BQR8	
1690	A0A0J1FLR6	A0A0J1FLR6	A0A348AMB8
1691	A0A1C5WT81	A0A1C5WT81	A0A1C5WT81
1692	A0A2S9YFI4	A0A2S9YFI4	A0A2S9YFI4
1693	A0A1T4UDV6	A0A1T4UDV6	A0A259UPD7
1694	A0A1Y6L231	A0A1T4UDV6	A0A259UPD7
1695	A0A1Y6MQH2	A0A1T4UDV6	A0A259UPD7
1696	A0A1Y6MUC8	A0A1T4UDV6	A0A259UPD7
1697	A0A2X1WCF1	A0A1T4UDV6	A0A259UPD7
1698	A0A1T5I5A5	A0A1T4UDV6	A0A259UPD7
1699	A0A3P1BK63	A0A3P1BK63	A0A1V6BVN9
1700	A0A6M1YJ42	A0A6M1YJ42	A0A6M1YJ42
1701	A0A8B4Q8P9	A0A8B4Q8P9	A0A1G8SQW0
1702	A0A1Z5IV70	A0A1Z5IV70	A0A1G8SQW0
1703	A0A926HT18	A0A926HT18	
1704	J0MY21	A0A926HT18	
1705	A0A928K2M9	A0A926HT18	
1706	A0A928KYG8	A0A926HT18	
1707	A0A6S6XCB1	A0A926HT18	
1708	A0A7C7AQD7	A0A926HT18	
1709	A0A075R7A2	A0A075R7A2	A0A348AMB8
1710	H0U7A9	A0A075R7A2	A0A348AMB8
1711	A0A1C5LR90	A0A1C5LR90	A0A0P8W7Z2
1712	A0A1C5QXJ1	A0A1C5LR90	A0A0P8W7Z2
1713	A0A1C5YPL9	A0A1C5LR90	A0A0P8W7Z2
1714	A0A1V4W7B7	A0A1V4W7B7	A0A4R7RUE4
1715	A0A1V6EIC9	A0A1V6EIC9	A0A518C016
1716	A0A380MYU4	A0A380MYU4	C0QS73
1717	A0A422M9G4	A0A422M9G4	A0A1Y6AQ80
1718	A0A8B3GTJ6	A0A422M9G4	A0A1Y6AQ80
1719	A0A1S2AZH6	A0A422M9G4	A0A1Y6AQ80
1720	A0A518LP88	A0A518LP88	A0A518LP88
1721	A0A927LH80	A0A927LH80	
1722	A0A916CW89	A0A916CW89	
1723	A0A0J6VCV3	A0A0J6VCV3	C0ZCP7
1724	A0A1C6FAW9	A0A1C6FAW9	A0A7U9MND5
1725	A0A1C5UUU7	A0A1C6FAW9	A0A7U9MND5
1726	A0A2T0B125	A0A2T0B125	A0A259UPD7
1727	A0A0J1FCW4	A0A0J1FCW4	A0A348AMN4
1728	A0A1X9M9P6	A0A1X9M9P6	A0A1X9M9P6
1729	A0A3P5XFW8	A0A3P5XFW8	A0A1G8SQW0
1730	A0A0J6W5Q2	A0A0J6W5Q2	L8DHP6
1731	A0A1C6GSN7	A0A1C6GSN7	A0A1C6GSN7
1732	A0A174JNK9	A0A174JNK9	A0A1Y6AQ80
1733	A0A1V4SPZ7	A0A1V4SPZ7	A0A6V8LYJ9
1734	A0A6M1ZQ73	A0A6M1ZQ73	D6YTN7
1735	A0A254NPA3	A0A254NPA3	A0A254NPA3
1736	A0A4Y6UV87	A0A254NPA3	A0A254NPA3
1737	A0A6B0GZA1	A0A254NPA3	A0A254NPA3
1738	A0A4U3FMG5	A0A254NPA3	A0A254NPA3
1739	A0A1E3L4F7	A0A254NPA3	A0A254NPA3
1740	R5N6Z6	R5N6Z6	R5N6Z6
1741	A0A162L9K6	A0A162L9K6	A0A162L9K6
1742	A0A1V4XL70	A0A1V4XL70	G8S0L0
1743	A0A1V5DJP1	A0A1V4XL70	G8S0L0
1744	A0A1V4XT62	A0A1V4XL70	G8S0L0
1745	A0A1V5R6H8	A0A1V4XL70	G8S0L0
1746	A0A249PIE4	A0A249PIE4	A0A554JQZ9
1747	A0A380WV11	A0A380WV11	A0A1G8SQW0
1748	A3TVW4	A3TVW4	A3TVW4
1749	R5UM07	R5UM07	V9GE64
1750	R5YCS1	R5UM07	V9GE64
1751	A0A173SF50	R5UM07	V9GE64
1752	A0A1H8RXI3	A0A1H8RXI3	R5E8N9
1753	A0A916NI20	A0A916NI20	
1754	A0A0N8NTP9	A0A0N8NTP9	A0A348AMN4
1755	A0A0J1FJW4	A0A0N8NTP9	A0A348AMN4
1756	A0A348AMN4	A0A348AMN4	A0A348AMN4
1757	A0A174M4B0	A0A174M4B0	A0A174M4B0
1758	A0A1C6BD54	A0A174M4B0	A0A174M4B0
1759	A0A174VAJ2	A0A174M4B0	A0A174M4B0
1760	A0A1C6GAP6	A0A174M4B0	A0A174M4B0
1761	A0A1C5VNC7	A0A174M4B0	A0A174M4B0
1762	A0A173U138	A0A174M4B0	A0A174M4B0
1763	A0A173WZX5	A0A174M4B0	A0A174M4B0
1764	A0A174E351	A0A174M4B0	A0A174M4B0
1765	A0A143XD01	A0A174M4B0	A0A174M4B0
1766	A0A174RHF1	A0A174M4B0	A0A174M4B0
1767	A0A1C5P0J3	A0A174M4B0	A0A174M4B0
1768	A0A564SQR2	A0A174M4B0	A0A174M4B0
1769	A0A1C5X989	A0A174M4B0	A0A174M4B0
1770	A0A173Z3W7	A0A174M4B0	A0A174M4B0
1771	A0A1V4W7S5	A0A1V4W7S5	A0A348AMN4
1772	A0A486XN99	A0A486XN99	A0A486XN99
1773	A0A6M1ZTL2	A0A6M1ZTL2	A0A6M1ZTL2
1774	A0A162M7N2	A0A162M7N2	A0A1V5LKA0
1775	A0A8A0RIS4	A0A162M7N2	A0A1V5LKA0
1776	A0A1G5I9T4	A0A1G5I9T4	A0A354HLF6
1777	A0A1C5PVG7	A0A1G5I9T4	A0A354HLF6
1778	A0A1C6JRH7	A0A1G5I9T4	A0A354HLF6
1779	A0A1C5RZK9	A0A1G5I9T4	A0A354HLF6
1780	A0A5S5C913	A0A5S5C913	A0A5S5C913
1781	A0A1V5LV71	A0A1V5LV71	A0A1U7M8N9
1782	A0A2H6A6M5	A0A2H6A6M5	A0A1V5LKA0
1783	A0A498RH43	A0A498RH43	A0A348AMN4
1784	A0A7U9SSU3	A0A7U9SSU3	A0A564W7U7
1785	A0A078LY73	A0A078LY73	C0ZCP7
1786	A0A6V7RPT7	A0A078LY73	C0ZCP7
1787	A0A6V7RRM9	A0A078LY73	C0ZCP7
1788	A0A1C5QMY6	A0A1C5QMY6	A0A1C5QMY6
1789	A0A1H3RFE5	A0A1H3RFE5	A0A562JGS4
1790	A0A1V5Q709	A0A1V5Q709	A0A1V5Q709
1791	A0A378NIG8	A0A378NIG8	A0A378NIG8
1792	S7SZV7	S7SZV7	A0A829ZMP2
1793	A0A143XXX3	A0A143XXX3	A0A2K9DWZ2
1794	A0A173TCM6	A0A173TCM6	A0A1Y6AQ80
1795	A0A1U9NP23	A0A1U9NP23	A0A1U9NP23
1796	A0A1Y6AQ80	A0A1Y6AQ80	A0A1Y6AQ80
1797	A0A3N6H9U2	A0A3N6H9U2	A0A1Y6AQ80
1798	A0A3N6HDX8	A0A3N6H9U2	A0A1Y6AQ80
1799	A0A6C0QBM0	A0A3N6H9U2	A0A1Y6AQ80
1800	A0A117EBF4	A0A3N6H9U2	A0A1Y6AQ80
1801	A0A4V0Z7F5	A0A4V0Z7F5	A0A354HLF6
1802	A0A4R2KJK1	A0A4V0Z7F5	A0A354HLF6
1803	A0A916IAR6	A0A916IAR6	
1804	A0A6B1UGE1	A0A6B1UGE1	A0A354HLF6
1805	A0A7X1I8W2	A0A6B1UGE1	A0A354HLF6
1806	A0A8J6IN73	A0A6B1UGE1	A0A354HLF6
1807	A0A1C6J839	A0A6B1UGE1	A0A354HLF6
1808	A0A7U9WXR3	A0A7U9WXR3	A0A829ZMP2
1809	A0A174QUU0	A0A174QUU0	A0A1V6BVN9
1810	A0A174BSD0	A0A174QUU0	A0A1V6BVN9
1811	A0A1V5N0W8	A0A1V5N0W8	A0A1V5N0W8
1812	A0A2H6EP44	A0A2H6EP44	A0A2H6EP44
1813	L8DHP6	L8DHP6	L8DHP6
1814	A0A1C5RYM2	A0A1C5RYM2	A0A1Y6AQ80
1815	A0A1H4HAU4	A0A1H4HAU4	A0A1U7M8N9
1816	A0A1V5RLE0	A0A1V5RLE0	A0A829ZMP2
1817	A0A378NJZ7	A0A378NJZ7	A0A378NJZ7
1818	A0A7Y0JSX6	A0A7Y0JSX6	A0A7Y0JSX6
1819	A0A7Y0JTR7	A0A7Y0JSX6	A0A7Y0JSX6
1820	A0A428XFJ7	A0A7Y0JSX6	A0A7Y0JSX6
1821	A0A1K0GG71	A0A7Y0JSX6	A0A7Y0JSX6
1822	A0A101JQ18	A0A7Y0JSX6	A0A7Y0JSX6
1823	A0A0A6UJ44	A0A7Y0JSX6	A0A7Y0JSX6
1824	A0A1E3KYI8	A0A1E3KYI8	A0A1V5LKA0
1825	A0A449D861	A0A1E3KYI8	A0A1V5LKA0
1826	A0A2T0BMT3	A0A2T0BMT3	A0A2T0BMT3
1827	A0A6N2TU31	A0A6N2TU31	A0A6N2TU31
1828	A0A0F0CJY0	A0A6N2TU31	A0A6N2TU31
1829	A0A1C6A4C0	A0A6N2TU31	A0A6N2TU31
1830	A5Z534	A5Z534	V9GE64
1831	R6FSX8	A5Z534	V9GE64
1832	K1KPT3	K1KPT3	A0A0P8W7Z2
1833	A0A940ZKM3	A0A940ZKM3	
1834	A0A1E3H803	A0A1E3H803	A0A259UIB8
1835	A0A1U9Z5B0	A0A1E3H803	A0A259UIB8
1836	A0A1X6YPN7	A0A1E3H803	A0A259UIB8
1837	A0A0P1I474	A0A1E3H803	A0A259UIB8
1838	A0A5P9F9A1	A0A1E3H803	A0A259UIB8
1839	A0A238JXQ8	A0A1E3H803	A0A259UIB8
1840	A0A6V6ZML8	A0A1E3H803	A0A259UIB8
1841	A0A4P1JX53	A0A1E3H803	A0A259UIB8
1842	A0A2R8AL22	A0A1E3H803	A0A259UIB8
1843	A0A5J4E057	A0A1E3H803	A0A259UIB8
1844	A0A8S0GDS2	A0A8S0GDS2	
1845	A0A6M1ZZ67	A0A6M1ZZ67	A0A486XN99
1846	A0A8J2ZPT7	A0A8J2ZPT7	
1847	A0A077MGS3	A0A077MGS3	A0A239VVM8
1848	A0A4Q2I166	A0A4Q2I166	A0A254NPA3
1849	A0A1G9Y2Y3	A0A4Q2I166	A0A254NPA3
1850	A0A1I1RZP0	A0A4Q2I166	A0A254NPA3
1851	A0A1I1S0D0	A0A4Q2I166	A0A254NPA3
1852	A0A5P0YG36	A0A4Q2I166	A0A254NPA3
1853	A0A0U4WCU3	A0A0U4WCU3	L8DHP6
1854	A0A162R583	A0A162R583	A0A1Y6AQ80
1855	A0A174CGJ4	A0A174CGJ4	A0A174CGJ4
1856	A0A174JP72	A0A174CGJ4	A0A174CGJ4
1857	A0A173TCP1	A0A174CGJ4	A0A174CGJ4
1858	A0A173YAR0	A0A174CGJ4	A0A174CGJ4
1859	A0A1C5XUZ9	A0A174CGJ4	A0A174CGJ4
1860	A0A173TXE3	A0A174CGJ4	A0A174CGJ4
1861	A0A174EN32	A0A174CGJ4	A0A174CGJ4
1862	A0A1C5T7X7	A0A174CGJ4	A0A174CGJ4
1863	A0A564U2D1	A0A174CGJ4	A0A174CGJ4
1864	A0A1C5N7J6	A0A174CGJ4	A0A174CGJ4
1865	A0A174DTW2	A0A174CGJ4	A0A174CGJ4
1866	A0A2H5ZIX1	A0A2H5ZIX1	A0A354HLF6
1867	A0A2T0MBL5	A0A2T0MBL5	A0A518C016
1868	A0A380ZWG3	A0A380ZWG3	A0A1V5YPB2
1869	A0A6N2U4F9	A0A6N2U4F9	A0A518C016
1870	A0A174CBG2	A0A6N2U4F9	A0A518C016
1871	A0A1C5Z197	A0A6N2U4F9	A0A518C016
1872	A0A174SY38	A0A6N2U4F9	A0A518C016
1873	A0A173SYG7	A0A6N2U4F9	A0A518C016
1874	A0A173T2N3	A0A6N2U4F9	A0A518C016
1875	K1KS64	K1KS64	K1KS64
1876	R5YP05	R5YP05	R5YP05
1877	W4QZB3	W4QZB3	W4QZB3
1878	A0A1X9MEU0	W4QZB3	W4QZB3
1879	A0A1G9UKA7	A0A1G9UKA7	A0A354HLF6
1880	A0A1I5NXJ9	A0A1I5NXJ9	A0A2P8HWB3
1881	A0A1G7ZJU4	A0A1I5NXJ9	A0A2P8HWB3
1882	A0A1G8C1J0	A0A1I5NXJ9	A0A2P8HWB3
1883	A0A1I1ZN25	A0A1I5NXJ9	A0A2P8HWB3
1884	A0A1I4M5W7	A0A1I5NXJ9	A0A2P8HWB3
1885	A0A942PKR4	A0A942PKR4	
1886	A0A1K9ZY75	A0A1K9ZY75	A0A259UPD7
1887	A0A377Q628	A0A377Q628	A0A377Q628
1888	A0A8S0GPC8	A0A8S0GPC8	
1889	A0A6M2A279	A0A6M2A279	A0A6M1YJ42
1890	A0A6M1Z3X0	A0A6M2A279	A0A6M1YJ42
1891	A0A2D8Q8J8	A0A2D8Q8J8	A0A829ZMP2
1892	A0A3B9ITG5	A0A2D8Q8J8	A0A829ZMP2
1893	A0A3D0KMZ9	A0A3D0KMZ9	A0A354HLF6
1894	A0A162TRS5	A0A162TRS5	A0A1Y6AQ80
1895	A0A1G4G4Z7	A0A1G4G4Z7	A0A1V5LKA0
1896	A0A1V5C2W7	A0A1V5C2W7	A0A348AMB8
1897	A0A1V4WKF7	A0A1V5C2W7	A0A348AMB8
1898	A0A1V5DCT9	A0A1V5C2W7	A0A348AMB8
1899	A0A1X6ZDZ1	A0A1X6ZDZ1	A0A1V5YPB2
1900	A0A5E7Z577	A0A1X6ZDZ1	A0A1V5YPB2
1901	A0A0L6CR67	A0A1X6ZDZ1	A0A1V5YPB2
1902	A0A1V0RQE5	A0A1X6ZDZ1	A0A1V5YPB2
1903	A0A1V1UEM7	A0A1X6ZDZ1	A0A1V5YPB2
1904	A0A0U1NJW4	A0A1X6ZDZ1	A0A1V5YPB2
1905	A0A1X6Z943	A0A1X6ZDZ1	A0A1V5YPB2
1906	A0A0P1E815	A0A1X6ZDZ1	A0A1V5YPB2
1907	A0A6V6ZJ24	A0A1X6ZDZ1	A0A1V5YPB2
1908	A0A0P1EHJ1	A0A1X6ZDZ1	A0A1V5YPB2
1909	A0A0P1GV93	A0A1X6ZDZ1	A0A1V5YPB2
1910	A0A0P1IV56	A0A1X6ZDZ1	A0A1V5YPB2
1911	A0A238KNG9	A0A1X6ZDZ1	A0A1V5YPB2
1912	A0A0K0Y198	A0A1X6ZDZ1	A0A1V5YPB2
1913	A0A1Y5S1E6	A0A1X6ZDZ1	A0A1V5YPB2
1914	A0A238KB60	A0A1X6ZDZ1	A0A1V5YPB2
1915	A0A238LFJ1	A0A1X6ZDZ1	A0A1V5YPB2
1916	A0A1X6YM75	A0A1X6ZDZ1	A0A1V5YPB2
1917	A0A1Y5SQX6	A0A1X6ZDZ1	A0A1V5YPB2
1918	A0A238JL50	A0A1X6ZDZ1	A0A1V5YPB2
1919	A0A1X6ZSK6	A0A1X6ZDZ1	A0A1V5YPB2
1920	A0A5P9GKQ9	A0A1X6ZDZ1	A0A1V5YPB2
1921	A0A3B0MNS8	A0A1X6ZDZ1	A0A1V5YPB2
1922	A0A222E1P0	A0A1X6ZDZ1	A0A1V5YPB2
1923	A0A132BY88	A0A1X6ZDZ1	A0A1V5YPB2
1924	A0A0N7LV48	A0A1X6ZDZ1	A0A1V5YPB2
1925	A0A0P1GRQ5	A0A1X6ZDZ1	A0A1V5YPB2
1926	A0A0T5PF31	A0A1X6ZDZ1	A0A1V5YPB2
1927	A0A1Y5SV03	A0A1X6ZDZ1	A0A1V5YPB2
1928	A0A3P5WV69	A0A1X6ZDZ1	A0A1V5YPB2
1929	A0A0P1H8N2	A0A1X6ZDZ1	A0A1V5YPB2
1930	A0A2R8C2Y1	A0A1X6ZDZ1	A0A1V5YPB2
1931	A0A2H6EYC2	A0A2H6EYC2	A0A1V5LKA0
1932	A0A1I5ZX75	A0A1I5ZX75	A0A2W7MNT1
1933	A0A2V2YMD5	A0A2V2YMD5	A0A254NPA3
1934	A0A3D9HQH5	A0A2V2YMD5	A0A254NPA3
1935	A0A4R8GQV4	A0A4R8GQV4	A0A0P8W7Z2
1936	A0A938XT06	A0A4R8GQV4	A0A0P8W7Z2
1937	A0A1T4KRP6	A0A4R8GQV4	A0A0P8W7Z2
1938	A0A285HCD2	A0A4R8GQV4	A0A0P8W7Z2
1939	A0A949RNE6	A0A949RNE6	
1940	A0A1S8L7Q9	A0A1S8L7Q9	A0A1S8L7Q9
1941	A0A378PBG3	A0A378PBG3	A0A378PBG3
1942	A0A8G2M587	A0A378PBG3	A0A378PBG3
1943	A0A916KA10	A0A916KA10	
1944	A0A0M9AD48	A0A0M9AD48	A0A259UPD7
1945	A0A399ERK4	A0A0M9AD48	A0A259UPD7
1946	A0A1V4XFC1	A0A1V4XFC1	C0ZCP7
1947	A0A1V4XGM6	A0A1V4XFC1	C0ZCP7
1948	A0A1V5DXV5	A0A1V4XFC1	C0ZCP7
1949	A0A1V6APH4	A0A1V4XFC1	C0ZCP7
1950	A0A1V5E4M0	A0A1V4XFC1	C0ZCP7
1951	A0A1V4XZT9	A0A1V4XFC1	C0ZCP7
1952	A0A6M2A7B7	A0A6M2A7B7	A0A6M2A7B7
1953	A0A916HNI5	A0A916HNI5	
1954	A0A0A2TFV7	A0A0A2TFV7	A0A1G8S2X6
1955	A0A0A2VBZ4	A0A0A2TFV7	A0A1G8S2X6
1956	A0A2K9NEV4	A0A2K9NEV4	A0A829ZMP2
1957	A0A328NGX8	A0A328NGX8	A0A328NGX8
1958	A0A328N7T9	A0A328NGX8	A0A328NGX8
1959	A0A0U5JII4	A0A0U5JII4	A0A162L9K6
1960	A0A163ZA77	A0A163ZA77	A0A163ZA77
1961	A0A1V5CDR4	A0A1V5CDR4	A0A348AMB8
1962	A0A6N2VVZ6	A0A6N2VVZ6	A0A1Y6AQ80
1963	C0D0G2	C0D0G2	V9GE64
1964	A0A1I0BTW5	C0D0G2	V9GE64
