	mmseqs_cluster	unclustered	foldseek_cluster	mmseqs_unclustered
0	A0A7S8CCP0	A0A7S8CCP0	A0A410WPK4	A0A7S8CCP0
1	A0A928LPM8	A0A928LPM8		
2	A0A928LPM8	A0A413G4S5		
3	A0A928LPM8	A0A926IJ38		
4	A0A928LPM8	A0A498CNA2		
5	A0A928LPM8	A0A845RI86		
6	A0A928LPM8	A0A845SXI2		
7	A0A928LPM8	A0A3A9IJD7		
8	A0A928LPM8	A0A1Y4MUN7		
9	A0A928LPM8	A0A3C1LY33		
10	A0A928LPM8	A0A3B9VTI7		
11	A0A928LPM8	A0A6N2V297		
12	A0A928LPM8	A0A3D0NTZ4		
13	A0A928LPM8	A7VT68		
14	A0A928LPM8	A0A1C5YFQ8		
15	A0A928LPM8	A0A3A9GL57		
16	A0A928LPM8	A0A928K5J0		
17	A0A928LPM8	A0A143ZRA8		
18	A0A928LPM8	A0A1C5LK98		
19	A0A928LPM8	A0A1H8CKK5		
20	A0A928LPM8	A0A926I4N9		
21	A0A928LPM8	A0A926EA13		
22	A0A0A1Q409	A0A0A1Q409	C0ZCP7	A0A0A1Q409
23	A0A0A1Q409	A0A1E2RWF6	C0ZCP7	A0A0A1Q409
24	A0A0A1Q409	A0A539CXW5	C0ZCP7	A0A0A1Q409
25	A0A0A1Q409	A0A380W5X6	C0ZCP7	A0A0A1Q409
26	A0A0A1Q409	A0A8F7ZJ53	C0ZCP7	A0A0A1Q409
27	A0A0A1Q409	A0A1E3H7T8	C0ZCP7	A0A0A1Q409
28	A0A0A1Q409	A0A564FTZ9	C0ZCP7	A0A0A1Q409
29	A0A0A1Q409	A0A509EHP3	C0ZCP7	A0A0A1Q409
30	A0A0A1Q409	A0A0H5BEK4	C0ZCP7	A0A0A1Q409
31	A0A174FMR5	A0A174FMR5	A0A348AMN4	A0A174FMR5
32	A0A174FMR5	A0A174C4S4	A0A348AMN4	A0A174FMR5
33	A0A174FMR5	A0A1C6DZ40	A0A348AMN4	A0A174FMR5
34	A0A174FMR5	A0A174DPP8	A0A348AMN4	A0A174FMR5
35	A0A174FMR5	A0A1C6FHR0	A0A348AMN4	A0A174FMR5
36	A0A174FMR5	A0A173RM29	A0A348AMN4	A0A174FMR5
37	A0A174FMR5	A0A174TPR8	A0A348AMN4	A0A174FMR5
38	A0A174FMR5	A0A173UKT6	A0A348AMN4	A0A174FMR5
39	A0A174FMR5	A0A6N2QZH2	A0A348AMN4	A0A174FMR5
40	A0A1C6BYD8	A0A1C6BYD8	A0A829ZMP2	A0A1C6BYD8
41	A0A1V5L937	A0A1V5L937	A0A1Y6AQ80	A0A1V5L937
42	A0A2X2SSC2	A0A2X2SSC2	A0A2X2SSC2	A0A2X2SSC2
43	A0A383TZK3	A0A383TZK3	A0A1V5YPB2	A0A383TZK3
44	A0A383TZK3	A0A376GF05	A0A1V5YPB2	A0A383TZK3
45	A0A4P6LVN5	A0A4P6LVN5	A0A7U9RTF9	A0A4P6LVN5
46	A0A5J4J4S3	A0A5J4J4S3	A0A348AMB8	A0A5J4J4S3
47	A0A6N2XN37	A0A6N2XN37	A0A348AMB8	A0A6N2XN37
48	A0A1H9S259	A0A1H9S259	R5E8N9	A0A1H9S259
49	A0A1H9S259	A0A368XG69	R5E8N9	A0A1H9S259
50	A0A1H9S259	A0A0U1KKZ9	R5E8N9	A0A1H9S259
51	A0A1H9S259	A0A366E6W2	R5E8N9	A0A1H9S259
52	A0A1H9S259	A0A1G8YV69	R5E8N9	A0A1H9S259
53	A0A1H9S259	A0A1G9R0B8	R5E8N9	A0A1H9S259
54	A0A841KYX2	A0A841KYX2	A0A0P8W7Z2	A0A841KYX2
55	A0A841KYX2	A0A1M6MFD1	A0A0P8W7Z2	A0A841KYX2
56	A0A7U9NG69	A0A7U9NG69	A0A1V5LKA0	A0A7U9NG69
57	A0A7U9NG69	A0A1C6JJG3	A0A1V5LKA0	A0A7U9NG69
58	A0A7U9NG69	A0A7U9MPR8	A0A1V5LKA0	A0A7U9NG69
59	A0A7U9NG69	A0A7U9MW06	A0A1V5LKA0	A0A7U9NG69
60	A0A7U9NG69	A0A1C5PT26	A0A1V5LKA0	A0A7U9NG69
61	A0A7U9NG69	A0A173T002	A0A1V5LKA0	A0A7U9NG69
62	A0A143X992	A0A143X992	A0A6N2TU31	A0A143X992
63	A0A251Z262	A0A251Z262	A0A168FWE9	A0A251Z262
64	A0A251Z262	A0A251XWU1	A0A168FWE9	A0A251Z262
65	A0A251Z262	A0A251YMT2	A0A168FWE9	A0A251Z262
66	A0A378YYK5	A0A378YYK5	A0A348AMN4	A0A378YYK5
67	A0A378YYK5	A0A239SK73	A0A348AMN4	A0A378YYK5
68	A0A378YYK5	A0A378YZD1	A0A348AMN4	A0A378YYK5
69	A0A378YYK5	A0A2P6UX63	A0A348AMN4	A0A378YYK5
70	A0A378YYK5	A0A5E4ZCS8	A0A348AMN4	A0A378YYK5
71	A0A6N3BQL0	A0A6N3BQL0	A0A348AMN4	A0A6N3BQL0
72	A0A6N3BQL0	A0A133S199	A0A348AMN4	A0A6N3BQL0
73	A0A6N3BQL0	A0A239ZEX4	A0A348AMN4	A0A6N3BQL0
74	C0QS73	C0QS73	C0QS73	C0QS73
75	A0A0S2HUS6	A0A0S2HUS6	A0A0S2HUS6	A0A0S2HUS6
76	A0A4R7RUE4	A0A4R7RUE4	A0A4R7RUE4	A0A4R7RUE4
77	D6YTN7	D6YTN7	D6YTN7	D6YTN7
78	A0A4R3KK00	A0A4R3KK00	A0A1I0DL10	A0A4R3KK00
79	A0A4R3KK00	A0A0D1WDC9	A0A1I0DL10	A0A4R3KK00
80	A0A4R3KK00	A0A0U5ATN0	A0A1I0DL10	A0A4R3KK00
81	A0A4R3KK00	U1WU05	A0A1I0DL10	A0A4R3KK00
82	A0A4R3KK00	A0A1G8D0L4	A0A1I0DL10	A0A4R3KK00
83	A0A1C5PI34	A0A1C5PI34	A0A6N2TU31	A0A1C5PI34
84	A0A1C6CM46	A0A1C6CM46	A0A6N2TU31	A0A1C6CM46
85	A0A1C6CM46	A0A1C5NTX1	A0A6N2TU31	A0A1C6CM46
86	A0A1C6CM46	A0A6N3HJC1	A0A6N2TU31	A0A1C6CM46
87	A0A1C6CM46	A0A0F0CGA5	A0A6N2TU31	A0A1C6CM46
88	A0A1V5LKA0	A0A1V5LKA0	A0A1V5LKA0	A0A1V5LKA0
89	A0A1X9MM83	A0A1X9MM83	A0A1X9MM83	A0A1X9MM83
90	A0A2K8P6E0	A0A2K8P6E0	A0A1V5LKA0	A0A2K8P6E0
91	A0A4P6LW61	A0A4P6LW61	A0A174TDS3	A0A4P6LW61
92	A0A5K7WW72	A0A5K7WW72	A0A348AMB8	A0A5K7WW72
93	A0A5K7WW72	A0A917VZF3	A0A348AMB8	A0A5K7WW72
94	A0A6N3DKK2	A0A6N3DKK2	A0A348AMB8	A0A6N3DKK2
95	A0A8D3WV90	A0A8D3WV90		
96	R6LZ75	R6LZ75	R7C958	R6LZ75
97	R6LZ75	R5RQM8	R7C958	R6LZ75
98	R6LZ75	R6LRL2	R7C958	R6LZ75
99	A0A554JQZ9	A0A554JQZ9	A0A554JQZ9	A0A554JQZ9
100	A0A143ZTT5	A0A143ZTT5	A0A6V8LYJ9	A0A143ZTT5
101	A0A140L496	A0A140L496	A0A2N9BB34	A0A140L496
102	A0A140L496	A0A2K9E4F8	A0A2N9BB34	A0A140L496
103	A0A1G8SQW0	A0A1G8SQW0	A0A1G8SQW0	A0A1G8SQW0
104	A0A1V5PM79	A0A1V5PM79	A0A136K0C9	A0A1V5PM79
105	A0A7T1F3W4	A0A7T1F3W4	A0A829ZMP2	A0A7T1F3W4
106	A0A837XVR4	A0A837XVR4	A0A6V8LYJ9	A0A837XVR4
107	A0A837XVR4	A0A6H2JPJ4	A0A6V8LYJ9	A0A837XVR4
108	A0A837XVR4	A0A4R6HSY7	A0A6V8LYJ9	A0A837XVR4
109	A0A837XVR4	A0A1Q9G157	A0A6V8LYJ9	A0A837XVR4
110	A0A1V5U3I2	A0A1V5U3I2	A0A0P8W7Z2	A0A1V5U3I2
111	A0A1Y5TI89	A0A1Y5TI89	A0A246KEF4	A0A1Y5TI89
112	A0A330LFL9	A0A330LFL9	A0A6N2TU31	A0A330LFL9
113	A0A4U9RNW5	A0A4U9RNW5	A0A4R1N543	A0A4U9RNW5
114	A0A4U9RNW5	A0A1M6KDJ0	A0A4R1N543	A0A4U9RNW5
115	A0A4U9RNW5	A0A1H3MYD6	A0A4R1N543	A0A4U9RNW5
116	A0A4U9RNW5	A0A078KUT8	A0A4R1N543	A0A4U9RNW5
117	A0A4U9RNW5	A0A1M4M1X6	A0A4R1N543	A0A4U9RNW5
118	A0A4U9RNW5	A0A1M5WWJ8	A0A4R1N543	A0A4U9RNW5
119	A0A4U9RNW5	A0A369ATX5	A0A4R1N543	A0A4U9RNW5
120	A0A4U9RNW5	A0A1V5Y4P5	A0A4R1N543	A0A4U9RNW5
121	A0A4U9RNW5	A0A4R3MQW4	A0A4R1N543	A0A4U9RNW5
122	A0A4U9RNW5	K4L614	A0A4R1N543	A0A4U9RNW5
123	A0A4U9RNW5	A0A0F2JDV4	A0A4R1N543	A0A4U9RNW5
124	A0A4U9RNW5	F0T1Z5	A0A4R1N543	A0A4U9RNW5
125	A0A4U9RNW5	A0A0L0WEJ1	A0A4R1N543	A0A4U9RNW5
126	A0A4U9RNW5	A0A542AHG0	A0A4R1N543	A0A4U9RNW5
127	A0A4U9RNW5	A0A1M5TG71	A0A4R1N543	A0A4U9RNW5
128	A0A4U9RNW5	A0A239ZDL2	A0A4R1N543	A0A4U9RNW5
129	A0A4U9RNW5	A0A2X2VZ08	A0A4R1N543	A0A4U9RNW5
130	A0A4U9RNW5	A0A1M5R8C5	A0A4R1N543	A0A4U9RNW5
131	A0A4U9RNW5	A0A1M6DJP2	A0A4R1N543	A0A4U9RNW5
132	A0A4U9RNW5	A0A2K9EB27	A0A4R1N543	A0A4U9RNW5
133	A0A4U9RNW5	W4V799	A0A4R1N543	A0A4U9RNW5
134	A0A4U9RNW5	G8LTS1	A0A4R1N543	A0A4U9RNW5
135	A0A4U9RNW5	A0A1W1VF64	A0A4R1N543	A0A4U9RNW5
136	A0A4U9RNW5	A0A1M6M092	A0A4R1N543	A0A4U9RNW5
137	A0A4U9RNW5	A0A1M6N4A9	A0A4R1N543	A0A4U9RNW5
138	A0A4U9RNW5	A0A1W1ZZ31	A0A4R1N543	A0A4U9RNW5
139	A0A4U9RNW5	A0A0P8X0D7	A0A4R1N543	A0A4U9RNW5
140	A0A4U9RNW5	A0A366I736	A0A4R1N543	A0A4U9RNW5
141	A0A4U9RNW5	A0A151B4C5	A0A4R1N543	A0A4U9RNW5
142	A0A4U9RNW5	A0A2T0BM97	A0A4R1N543	A0A4U9RNW5
143	A0A4U9RNW5	A0A1G9HCL7	A0A4R1N543	A0A4U9RNW5
144	A0A4U9RNW5	A0A4R2KN88	A0A4R1N543	A0A4U9RNW5
145	A0A4U9RNW5	A0A2S6FZJ5	A0A4R1N543	A0A4U9RNW5
146	A0A4U9RNW5	A0A166S1R3	A0A4R1N543	A0A4U9RNW5
147	A0A4U9RNW5	W6N2U8	A0A4R1N543	A0A4U9RNW5
148	A0A4U9RNW5	A0A4P8A716	A0A4R1N543	A0A4U9RNW5
149	A0A4U9RNW5	A0A1A6AUL8	A0A4R1N543	A0A4U9RNW5
150	A0A4U9RNW5	A0A0H3J291	A0A4R1N543	A0A4U9RNW5
151	A0A4U9RNW5	A0A829IB11	A0A4R1N543	A0A4U9RNW5
152	A0A4U9RNW5	A0A1J1CV19	A0A4R1N543	A0A4U9RNW5
153	A0A4U9RNW5	A0A841KWI1	A0A4R1N543	A0A4U9RNW5
154	A0A4U9RNW5	A0A1L3NIS2	A0A4R1N543	A0A4U9RNW5
155	A0A4U9RNW5	A0A1M4N9R0	A0A4R1N543	A0A4U9RNW5
156	A0A4U9RNW5	A0A6N8I3S6	A0A4R1N543	A0A4U9RNW5
157	A0A4U9RNW5	A0A1M5NG66	A0A4R1N543	A0A4U9RNW5
158	A0A4U9RNW5	A0A140L0M6	A0A4R1N543	A0A4U9RNW5
159	A0A4U9RNW5	Q897X5	A0A4R1N543	A0A4U9RNW5
160	A0A4U9RNW5	A0A1T5M7A5	A0A4R1N543	A0A4U9RNW5
161	A0A4U9RNW5	A0A7U4JN00	A0A4R1N543	A0A4U9RNW5
162	A0A4U9RNW5	A0A0E1KUF3	A0A4R1N543	A0A4U9RNW5
163	A0A8S0YF99	A0A8S0YF99		
164	A0A1M5VYK8	A0A1M5VYK8	A0A4R1N543	A0A1M5VYK8
165	A0A097AQH5	A0A097AQH5	A0A348AMB8	A0A097AQH5
166	A0A1V5F347	A0A1V5F347	A0A1V5YPB2	A0A1V5F347
167	A0A2H5YNU4	A0A2H5YNU4	A0A829ZMP2	A0A2H5YNU4
168	A0A422M907	A0A422M907	A0A422M907	A0A422M907
169	A0A7M4DGD1	A0A7M4DGD1	A0A518C016	A0A7M4DGD1
170	I0JQX9	I0JQX9	I0JQX9	I0JQX9
171	A0A024Q8L6	A0A024Q8L6	A0A1G8SQW0	A0A024Q8L6
172	A0A024Q8L6	W9AD91	A0A1G8SQW0	A0A024Q8L6
173	A0A024Q8L6	A0A0U9H9G9	A0A1G8SQW0	A0A024Q8L6
174	A0A024Q8L6	A0A511UW83	A0A1G8SQW0	A0A024Q8L6
175	A0A1C5QEB1	A0A1C5QEB1	A0A1Y6AQ80	A0A1C5QEB1
176	A0A1C5QEB1	A0A6N3A1S5	A0A1Y6AQ80	A0A1C5QEB1
177	A0A1C5QEB1	A0A1C6CHR2	A0A1Y6AQ80	A0A1C5QEB1
178	A0A1C5QEB1	A0A6N2ZEM6	A0A1Y6AQ80	A0A1C5QEB1
179	A0A1C5QEB1	A0A174E8P5	A0A1Y6AQ80	A0A1C5QEB1
180	A0A1H0WYG5	A0A1H0WYG5	A0A6N2TU31	A0A1H0WYG5
181	A0A562JGS4	A0A562JGS4	A0A562JGS4	A0A562JGS4
182	A0A837XVW0	A0A837XVW0	A0A1G8SQW0	A0A837XVW0
183	A0A837XVW0	A0A7U5D4S4	A0A1G8SQW0	A0A837XVW0
184	A0A837XVW0	UPI0013B81320	A0A1G8SQW0	A0A837XVW0
185	A0A837XVW0	UPI00155FFE64	A0A1G8SQW0	A0A837XVW0
186	A0A837XVW0	UPI0022864AF2	A0A1G8SQW0	A0A837XVW0
187	A0A837XVW0	UPI0022800D78	A0A1G8SQW0	A0A837XVW0
188	A0A837XVW0	UPI00203B6123	A0A1G8SQW0	A0A837XVW0
189	A0A837XVW0	A0A8G0S7I1	A0A1G8SQW0	A0A837XVW0
190	A0A837XVW0	UPI000745E235	A0A1G8SQW0	A0A837XVW0
191	A0A837XVW0	UPI001363BBCC	A0A1G8SQW0	A0A837XVW0
192	A0A837XVW0	UPI0022815CEC	A0A1G8SQW0	A0A837XVW0
193	A0A837XVW0	A0A6H2JRD4	A0A1G8SQW0	A0A837XVW0
194	A0A837XVW0	A0A8G0TKA2	A0A1G8SQW0	A0A837XVW0
195	A0A837XVW0	UPI0007726AF7	A0A1G8SQW0	A0A837XVW0
196	A0A837XVW0	UPI0013748E59	A0A1G8SQW0	A0A837XVW0
197	A0A837XVW0	UPI002281B2C3	A0A1G8SQW0	A0A837XVW0
198	A0A837XVW0	A0A8I1WEY2	A0A1G8SQW0	A0A837XVW0
199	A0A837XVW0	UPI0008404D8A	A0A1G8SQW0	A0A837XVW0
200	A0A837XVW0	UPI002281E593	A0A1G8SQW0	A0A837XVW0
201	A0A837XVW0	UPI000846E041	A0A1G8SQW0	A0A837XVW0
202	A0A837XVW0	UPI0014233C86	A0A1G8SQW0	A0A837XVW0
203	A0A837XVW0	UPI00228231F2	A0A1G8SQW0	A0A837XVW0
204	A0A837XVW0	A0A8U0I370	A0A1G8SQW0	A0A837XVW0
205	A0A837XVW0	UPI00084EEC83	A0A1G8SQW0	A0A837XVW0
206	A0A837XVW0	UPI00142E7A1C	A0A1G8SQW0	A0A837XVW0
207	A0A837XVW0	UPI0022829694	A0A1G8SQW0	A0A837XVW0
208	A0A837XVW0	UPI000853883A	A0A1G8SQW0	A0A837XVW0
209	A0A837XVW0	UPI0022829AE4	A0A1G8SQW0	A0A837XVW0
210	A0A837XVW0	UPI00086AD777	A0A1G8SQW0	A0A837XVW0
211	A0A837XVW0	UPI001575A7A8	A0A1G8SQW0	A0A837XVW0
212	A0A837XVW0	UPI002282B726	A0A1G8SQW0	A0A837XVW0
213	A0A837XVW0	A0A4R6HZ72	A0A1G8SQW0	A0A837XVW0
214	A0A837XVW0	UPI00089DF029	A0A1G8SQW0	A0A837XVW0
215	A0A837XVW0	UPI00162A6B03	A0A1G8SQW0	A0A837XVW0
216	A0A837XVW0	UPI002282C094	A0A1G8SQW0	A0A837XVW0
217	A0A837XVW0	UPI0008FB71ED	A0A1G8SQW0	A0A837XVW0
218	A0A837XVW0	UPI00165AE701	A0A1G8SQW0	A0A837XVW0
219	A0A837XVW0	UPI002282E9F7	A0A1G8SQW0	A0A837XVW0
220	A0A837XVW0	UPI000989746E	A0A1G8SQW0	A0A837XVW0
221	A0A837XVW0	UPI001C22DA20	A0A1G8SQW0	A0A837XVW0
222	A0A837XVW0	UPI002282FA9A	A0A1G8SQW0	A0A837XVW0
223	A0A837XVW0	UPI0009B6EEB8	A0A1G8SQW0	A0A837XVW0
224	A0A837XVW0	UPI001C8E0E07	A0A1G8SQW0	A0A837XVW0
225	A0A837XVW0	UPI002282FE0E	A0A1G8SQW0	A0A837XVW0
226	A0A837XVW0	UPI000A359907	A0A1G8SQW0	A0A837XVW0
227	A0A837XVW0	UPI001D07F4FF	A0A1G8SQW0	A0A837XVW0
228	A0A837XVW0	UPI000B43C47F	A0A1G8SQW0	A0A837XVW0
229	A0A837XVW0	UPI001E2D3DE8	A0A1G8SQW0	A0A837XVW0
230	A0A837XVW0	UPI002286517A	A0A1G8SQW0	A0A837XVW0
231	A0A837XVW0	E0TZ07	A0A1G8SQW0	A0A837XVW0
232	A0A837XVW0	M4KSM2	A0A1G8SQW0	A0A837XVW0
233	A0A837XVW0	UPI000BA88689	A0A1G8SQW0	A0A837XVW0
234	A0A837XVW0	UPI001EDCDB97	A0A1G8SQW0	A0A837XVW0
235	A0A837XVW0	UPI000C9F5C74	A0A1G8SQW0	A0A837XVW0
236	A0A837XVW0	UPI001FB33A27	A0A1G8SQW0	A0A837XVW0
237	A0A837XVW0	A0A165B9N1	A0A1G8SQW0	A0A837XVW0
238	A0A837XVW0	O31852	A0A1G8SQW0	A0A837XVW0
239	A0A837XVW0	UPI000CDB9222	A0A1G8SQW0	A0A837XVW0
240	A0A837XVW0	UPI000CDD108A	A0A1G8SQW0	A0A837XVW0
241	A0A837XVW0	UPI00203BC975	A0A1G8SQW0	A0A837XVW0
242	A0A837XVW0	UPI00022BA9AD	A0A1G8SQW0	A0A837XVW0
243	A0A837XVW0	UPI000D025373	A0A1G8SQW0	A0A837XVW0
244	A0A837XVW0	UPI00203BEEA6	A0A1G8SQW0	A0A837XVW0
245	A0A837XVW0	UPI0002A143A0	A0A1G8SQW0	A0A837XVW0
246	A0A837XVW0	UPI000E2E6DC9	A0A1G8SQW0	A0A837XVW0
247	A0A837XVW0	UPI0021172BB2	A0A1G8SQW0	A0A837XVW0
248	A0A837XVW0	UPI0002AC292F	A0A1G8SQW0	A0A837XVW0
249	A0A837XVW0	UPI000E75F4B1	A0A1G8SQW0	A0A837XVW0
250	A0A837XVW0	UPI00214A7C5D	A0A1G8SQW0	A0A837XVW0
251	A0A837XVW0	UPI0002D376C8	A0A1G8SQW0	A0A837XVW0
252	A0A837XVW0	UPI000F095EC4	A0A1G8SQW0	A0A837XVW0
253	A0A837XVW0	UPI00227DB678	A0A1G8SQW0	A0A837XVW0
254	A0A837XVW0	UPI000349A739	A0A1G8SQW0	A0A837XVW0
255	A0A837XVW0	UPI000F54963B	A0A1G8SQW0	A0A837XVW0
256	A0A837XVW0	UPI00227E1607	A0A1G8SQW0	A0A837XVW0
257	A0A837XVW0	UPI0003967051	A0A1G8SQW0	A0A837XVW0
258	A0A837XVW0	UPI000FFE19ED	A0A1G8SQW0	A0A837XVW0
259	A0A837XVW0	UPI00227E257D	A0A1G8SQW0	A0A837XVW0
260	A0A837XVW0	UPI0004A57E4E	A0A1G8SQW0	A0A837XVW0
261	A0A837XVW0	UPI001011F76D	A0A1G8SQW0	A0A837XVW0
262	A0A837XVW0	UPI00227EDF97	A0A1G8SQW0	A0A837XVW0
263	A0A837XVW0	UPI0005051C91	A0A1G8SQW0	A0A837XVW0
264	A0A837XVW0	UPI001063442E	A0A1G8SQW0	A0A837XVW0
265	A0A837XVW0	UPI00227EFC15	A0A1G8SQW0	A0A837XVW0
266	A0A837XVW0	UPI000530298C	A0A1G8SQW0	A0A837XVW0
267	A0A837XVW0	UPI00119B5E9E	A0A1G8SQW0	A0A837XVW0
268	A0A837XVW0	UPI00227F5731	A0A1G8SQW0	A0A837XVW0
269	A0A837XVW0	UPI000589C6A5	A0A1G8SQW0	A0A837XVW0
270	A0A837XVW0	UPI0011A68389	A0A1G8SQW0	A0A837XVW0
271	A0A837XVW0	UPI00227FCA65	A0A1G8SQW0	A0A837XVW0
272	A0A837XVW0	UPI00059C8BEA	A0A1G8SQW0	A0A837XVW0
273	A0A837XVW0	UPI0011AA3AD1	A0A1G8SQW0	A0A837XVW0
274	A0A837XVW0	UPI0022800047	A0A1G8SQW0	A0A837XVW0
275	A0A837XVW0	A0A1Q9FEP1	A0A1G8SQW0	A0A837XVW0
276	A0A837XVW0	UPI00059D397A	A0A1G8SQW0	A0A837XVW0
277	A0A837XVW0	UPI0011E98663	A0A1G8SQW0	A0A837XVW0
278	A0A837XVW0	UPI00061DBF3D	A0A1G8SQW0	A0A837XVW0
279	A0A837XVW0	UPI001269420C	A0A1G8SQW0	A0A837XVW0
280	A0A837XVW0	UPI002280BA94	A0A1G8SQW0	A0A837XVW0
281	A0A837XVW0	UPI000627D625	A0A1G8SQW0	A0A837XVW0
282	A0A837XVW0	UPI001292F224	A0A1G8SQW0	A0A837XVW0
283	A0A837XVW0	UPI0022813C1C	A0A1G8SQW0	A0A837XVW0
284	A0A837XVW0	A0A8F7XDN1	A0A1G8SQW0	A0A837XVW0
285	A0A837XVW0	UPI0006A83CC6	A0A1G8SQW0	A0A837XVW0
286	A0A837XVW0	UPI0013628966	A0A1G8SQW0	A0A837XVW0
287	A0A837XVW0	UPI00228150DA	A0A1G8SQW0	A0A837XVW0
288	A0A837XVW0	A0A0M4FFW6	A0A1G8SQW0	A0A837XVW0
289	A0A837XVW0	A0A4U7MX78	A0A1G8SQW0	A0A837XVW0
290	A0A837XVW0	A0A7U4HX99	A0A1G8SQW0	A0A837XVW0
291	A0A837XVW0	S6FL69	A0A1G8SQW0	A0A837XVW0
292	A0A837XVW0	A0A806QNA3	A0A1G8SQW0	A0A837XVW0
293	A0A837XVW0	A0A150F9S4	A0A1G8SQW0	A0A837XVW0
294	A0A837XVW0	A0A165B3M3	A0A1G8SQW0	A0A837XVW0
295	A0A837XVW0	A0A0P7HAR5	A0A1G8SQW0	A0A837XVW0
296	A0A837XVW0	A0A498TTY2	A0A1G8SQW0	A0A837XVW0
297	A0A837XVW0	A0A0B4S8D6	A0A1G8SQW0	A0A837XVW0
298	A0A837XVW0	I2HP25	A0A1G8SQW0	A0A837XVW0
299	A0A837XVW0	A0A837EB24	A0A1G8SQW0	A0A837XVW0
300	A0A837XVW0	A0A081LDX9	A0A1G8SQW0	A0A837XVW0
301	A0A837XVW0	A0A653RX14	A0A1G8SQW0	A0A837XVW0
302	A0A837XVW0	A0A5C0WLU4	A0A1G8SQW0	A0A837XVW0
303	A0A837XVW0	A0A5K1L1D7	A0A1G8SQW0	A0A837XVW0
304	A0A837XVW0	A0A1L6ZMB6	A0A1G8SQW0	A0A837XVW0
305	A0A837XVW0	A0A0H1RWP3	A0A1G8SQW0	A0A837XVW0
306	A0A837XVW0	A0A837XWB1	A0A1G8SQW0	A0A837XVW0
307	A0A837XVW0	A0A6H2JNH6	A0A1G8SQW0	A0A837XVW0
308	A0A837XVW0	A0A6C1VZ19	A0A1G8SQW0	A0A837XVW0
309	A0A837XVW0	A0A1Y0YPK0	A0A1G8SQW0	A0A837XVW0
310	A0A837XVW0	A0A7Z1B2U7	A0A1G8SQW0	A0A837XVW0
311	A0A837XVW0	A0A0T6BMY2	A0A1G8SQW0	A0A837XVW0
312	S6FH66	S6FH66	A0A259UPD7	S6FH66
313	S6FH66	A0A2A5RNG4	A0A259UPD7	S6FH66
314	A0A143XWZ4	A0A143XWZ4	A0A829ZMP2	A0A143XWZ4
315	A0A177H8H2	A0A177H8H2	A0A246KEF4	A0A177H8H2
316	A0A1C5RKE6	A0A1C5RKE6	A0A348AMN4	A0A1C5RKE6
317	A0A1C5RKE6	A0A1C5M0E1	A0A348AMN4	A0A1C5RKE6
318	A0A1C5RKE6	A0A564W8N3	A0A348AMN4	A0A1C5RKE6
319	A0A1C5RKE6	A0A1C5NZ59	A0A348AMN4	A0A1C5RKE6
320	A0A1C5RKE6	A0A1C5R308	A0A348AMN4	A0A1C5RKE6
321	A0A1C5RKE6	A0A3S5ARJ9	A0A348AMN4	A0A1C5RKE6
322	A0A1C5RKE6	A0A6N2TRR7	A0A348AMN4	A0A1C5RKE6
323	A0A1C5RKE6	A0A174NG16	A0A348AMN4	A0A1C5RKE6
324	A0A1C5RKE6	A0A174Q425	A0A348AMN4	A0A1C5RKE6
325	A0A1C5RKE6	A0A174BWQ9	A0A348AMN4	A0A1C5RKE6
326	A0A1C5RKE6	A0A174VIW5	A0A348AMN4	A0A1C5RKE6
327	A0A1C5RKE6	A0A174AG47	A0A348AMN4	A0A1C5RKE6
328	A0A1U7M8V5	A0A1U7M8V5	A0A1U7M8V5	A0A1U7M8V5
329	A0A1V5VNS6	A0A1V5VNS6	A0A1V5LKA0	A0A1V5VNS6
330	A0A2N9BB34	A0A2N9BB34	A0A2N9BB34	A0A2N9BB34
331	A0A6N3E2V5	A0A6N3E2V5	A0A1U7M8N9	A0A6N3E2V5
332	A0A6N3E2V5	A0A0A1MTG8	A0A1U7M8N9	A0A6N3E2V5
333	C0ZCP7	C0ZCP7	C0ZCP7	C0ZCP7
334	C0ZCP7	V6MCF6	C0ZCP7	C0ZCP7
335	C0ZCP7	M8E2F8	C0ZCP7	C0ZCP7
336	E2CGT6	E2CGT6	A0A259UIB8	E2CGT6
337	A0A2P8HWB3	A0A2P8HWB3	A0A2P8HWB3	A0A2P8HWB3
338	A0A3D1HXW2	A0A3D1HXW2	A0A354HLF6	A0A3D1HXW2
339	A0A3D1HXW2	A0A3C0X2P4	A0A354HLF6	A0A3D1HXW2
340	A0A3D1HXW2	A0A928KLG5	A0A354HLF6	A0A3D1HXW2
341	A0A3D1HXW2	A0A3D0Z3Q4	A0A354HLF6	A0A3D1HXW2
342	A0A3D1HXW2	A0A3D2A9H6	A0A354HLF6	A0A3D1HXW2
343	A0A7X2Z4H8	A0A7X2Z4H8	A0A410WPK4	A0A7X2Z4H8
344	A0A7X2Z4H8	A0A433XPS9	A0A410WPK4	A0A7X2Z4H8
345	A0A0B0HLQ8	A0A0B0HLQ8	A0A0B0HLQ8	A0A0B0HLQ8
346	A0A0L6Z818	A0A0L6Z818	A0A1Y6AQ80	A0A0L6Z818
347	A0A174KQX2	A0A174KQX2	A0A1Y6AQ80	A0A174KQX2
348	A0A174KQX2	A0A173R646	A0A1Y6AQ80	A0A174KQX2
349	A0A174KQX2	A0A173YY14	A0A1Y6AQ80	A0A174KQX2
350	A0A1C6DUA5	A0A1C6DUA5	A0A1C6DUA5	A0A1C6DUA5
351	A0A1V5LSZ0	A0A1V5LSZ0	C0ZCP7	A0A1V5LSZ0
352	A0A2K9DWZ2	A0A2K9DWZ2	A0A2K9DWZ2	A0A2K9DWZ2
353	A0A4P6LXS6	A0A4P6LXS6	A0A348AMN4	A0A4P6LXS6
354	A0A5P2ZP17	A0A5P2ZP17	A0A246KEF4	A0A5P2ZP17
355	A0A5P2ZP17	A0A1Y5RZ15	A0A246KEF4	A0A5P2ZP17
356	A0A6N3EZH1	A0A6N3EZH1	A0A6N3EZH1	A0A6N3EZH1
357	A0A6N3EZH1	A0A0F4VXA8	A0A6N3EZH1	A0A6N3EZH1
358	A0A6N3EZH1	C4ICL4	A0A6N3EZH1	A0A6N3EZH1
359	R6MIH8	R6MIH8	R6MIH8	R6MIH8
360	W7Y665	W7Y665	A0A1V5YPB2	W7Y665
361	A0A1I6KY25	A0A1I6KY25	R7HVK1	A0A1I6KY25
362	A0A1I6KY25	A0A2V3YD31	R7HVK1	A0A1I6KY25
363	A0A1I6KY25	A0A6N3GSG0	R7HVK1	A0A1I6KY25
364	A0A1I6KY25	A0A1I0G2J4	R7HVK1	A0A1I6KY25
365	A0A1I6KY25	A0A1C5XGD7	R7HVK1	A0A1I6KY25
366	A0A1I6KY25	A0A0F0C6W3	R7HVK1	A0A1I6KY25
367	A0A2W7MNT1	A0A2W7MNT1	A0A2W7MNT1	A0A2W7MNT1
368	A0A7U9R122	A0A7U9R122	A0A7U9RTF9	A0A7U9R122
369	A0A7U9R122	A0A7U9MNW5	A0A7U9RTF9	A0A7U9R122
370	A0A7U9R122	A0A7U9WVT8	A0A7U9RTF9	A0A7U9R122
371	A0A161I7N8	A0A161I7N8	C0ZCP7	A0A161I7N8
372	A0A259UIB8	A0A259UIB8	A0A259UIB8	A0A259UIB8
373	A0A379CGH3	A0A379CGH3	A0A1G8SQW0	A0A379CGH3
374	A0A6N3I5I0	A0A6N3I5I0	A0A1V5LKA0	A0A6N3I5I0
375	C2ZHC9	C2ZHC9	A0A4U8Q5S6	C2ZHC9
376	A0A2R8FCF1	A0A2R8FCF1	A0A6M1YJ42	A0A2R8FCF1
377	A0A2R8FCF1	A0A3B0QIA3	A0A6M1YJ42	A0A2R8FCF1
378	E4MQ17	E4MQ17	A0A0S2HUS6	E4MQ17
379	E4MQ17	A0A7Z8YG80	A0A0S2HUS6	E4MQ17
380	A0A354HLF6	A0A354HLF6	A0A354HLF6	A0A354HLF6
381	A0A354HLF6	A0A4P8XX18	A0A354HLF6	A0A354HLF6
382	A0A3D1LC86	A0A3D1LC86	R5N6Z6	A0A3D1LC86
383	A0A3D1LC86	R5ITP1	R5N6Z6	A0A3D1LC86
384	A0A3D1LC86	R6LPT0	R5N6Z6	A0A3D1LC86
385	A0A928NUY4	A0A928NUY4		
386	A0A928NUY4	A0A928F840		
387	A0A928NUY4	R5PSZ8		
388	A0A928NUY4	A0A356GGC1		
389	R6Z7V1	R6Z7V1	A0A1I0DL10	R6Z7V1
390	R6Z7V1	A0A3D4EG38	A0A1I0DL10	R6Z7V1
391	R6Z7V1	A0A316NQJ4	A0A1I0DL10	R6Z7V1
392	R6Z7V1	A0A3D6BHZ5	A0A1I0DL10	R6Z7V1
393	A0A0B0HRE6	A0A0B0HRE6	A0A0B0HRE6	A0A0B0HRE6
394	A0A168LMG5	A0A168LMG5	A0A0B0HUJ2	A0A168LMG5
395	A0A168LMG5	R6N2Q7	A0A0B0HUJ2	A0A168LMG5
396	A0A168LMG5	R6Z8U6	A0A0B0HUJ2	A0A168LMG5
397	A0A1V5LXY7	A0A1V5LXY7	A0A1V5LXY7	A0A1V5LXY7
398	A0A078MK14	A0A078MK14		
399	A0A161XDA1	A0A161XDA1	A0A348AMB8	A0A161XDA1
400	A0A161XDA1	A0A1M4NB46	A0A348AMB8	A0A161XDA1
401	A0A174B8I9	A0A174B8I9	A0A829ZMP2	A0A174B8I9
402	A0A1C5YJA9	A0A1C5YJA9	A0A174TDS3	A0A1C5YJA9
403	A0A1C5YJA9	A0A1C6JYE1	A0A174TDS3	A0A1C5YJA9
404	A0A1V6HF93	A0A1V6HF93	A0A1V5YPB2	A0A1V6HF93
405	A0A380MZP3	A0A380MZP3	A0A348AMN4	A0A380MZP3
406	A0A428I3D7	A0A428I3D7	A0A6V8LYJ9	A0A428I3D7
407	R5RW36	R5RW36	R7C958	R5RW36
408	R5RW36	R6LNQ7	R7C958	R5RW36
409	A0A7J0AAJ5	A0A7J0AAJ5	C0ZCP7	A0A7J0AAJ5
410	A0A0J6VLZ1	A0A0J6VLZ1	A0A0J6VLZ1	A0A0J6VLZ1
411	A0A1C6G745	A0A1C6G745	A0A1C6DUA5	A0A1C6G745
412	A0A212LYI5	A0A212LYI5	A0A348AMN4	A0A212LYI5
413	A0A212LYI5	A0A259UTZ6	A0A348AMN4	A0A212LYI5
414	A0A212LYI5	A0A1U7MF44	A0A348AMN4	A0A212LYI5
415	A0A212LYI5	A0A259UN74	A0A348AMN4	A0A212LYI5
416	A0A212LYI5	A0A348AM59	A0A348AMN4	A0A212LYI5
417	A0A0J1I6K8	A0A0J1I6K8	A0A1V6BVN9	A0A0J1I6K8
418	A0A1V4SDX7	A0A1V4SDX7	A0A1V4SDX7	A0A1V4SDX7
419	A0A3S5AQD8	A0A3S5AQD8	A0A174ZGT3	A0A3S5AQD8
420	A0A3S5AQD8	A0A1C6ERC7	A0A174ZGT3	A0A3S5AQD8
421	A0A3S5AQD8	A0A1C6G2Q5	A0A174ZGT3	A0A3S5AQD8
422	A0A3S5AQD8	A0A1C5WC46	A0A174ZGT3	A0A3S5AQD8
423	A0A3S5AQD8	A0A0F0CLG3	A0A174ZGT3	A0A3S5AQD8
424	A0A6M1ZB96	A0A6M1ZB96	A0A486XN99	A0A6M1ZB96
425	A0A248JXY1	A0A248JXY1	A0A829ZMP2	A0A248JXY1
426	A0A3C1BWY3	A0A3C1BWY3	R5N6Z6	A0A3C1BWY3
427	A0A3C1BWY3	R5ES93	R5N6Z6	A0A3C1BWY3
428	A0A3C1BWY3	A0A928LUX6	R5N6Z6	A0A3C1BWY3
429	A0A3C1BWY3	A0A928MHN6	R5N6Z6	A0A3C1BWY3
430	A0A3C1BWY3	A0A354USI9	R5N6Z6	A0A3C1BWY3
431	A0A3C1BWY3	A0A3D2HXQ8	R5N6Z6	A0A3C1BWY3
432	A0A161XER4	A0A161XER4	A0A1Y6AQ80	A0A161XER4
433	A0A161XER4	A0A1V4IFT6	A0A1Y6AQ80	A0A161XER4
434	A0A1C5ML14	A0A1C5ML14	A0A6N2TU31	A0A1C5ML14
435	A0A1E3AR49	A0A1E3AR49	A0A1Y6AQ80	A0A1E3AR49
436	A0A1E3AR49	A0A1C5NIL5	A0A1Y6AQ80	A0A1E3AR49
437	A0A1E3AR49	A0A1C5YXG5	A0A1Y6AQ80	A0A1E3AR49
438	A0A1V4WZV6	A0A1V4WZV6	A0A348AMB8	A0A1V4WZV6
439	A0A1V6JEK4	A0A1V6JEK4	A0A1V5YPB2	A0A1V6JEK4
440	A0A246KEF4	A0A246KEF4	A0A246KEF4	A0A246KEF4
441	A0A246KEF4	A0A5P9KME4	A0A246KEF4	A0A246KEF4
442	A0A246KEF4	A0A2X1BKU2	A0A246KEF4	A0A246KEF4
443	A0A246KEF4	A0A4P1JUU0	A0A246KEF4	A0A246KEF4
444	A0A445N9H6	A0A445N9H6	A0A1U7M8N9	A0A445N9H6
445	A0A445N9H6	A0A6C0Q549	A0A1U7M8N9	A0A445N9H6
446	A0A445N9H6	A0A100JYF2	A0A1U7M8N9	A0A445N9H6
447	A0A445N9H6	A0A1Y2MQ80	A0A1U7M8N9	A0A445N9H6
448	A0A445N9H6	A0A385ZME0	A0A1U7M8N9	A0A445N9H6
449	A0A445N9H6	A0A387HCG6	A0A1U7M8N9	A0A445N9H6
450	A0A445N9H6	A0A2Z5K2N6	A0A1U7M8N9	A0A445N9H6
451	A0A445N9H6	A0A3N6G7Q6	A0A1U7M8N9	A0A445N9H6
452	A0A445N9H6	A0A3N6GQP9	A0A1U7M8N9	A0A445N9H6
453	A0A445N9H6	A0A2N9BBU2	A0A1U7M8N9	A0A445N9H6
454	A0A562L7A1	A0A562L7A1	A0A6N2TU31	A0A562L7A1
455	A0A562L7A1	A0A7V8FF20	A0A6N2TU31	A0A562L7A1
456	A0A6N2SLV1	A0A6N2SLV1	A0A354HLF6	A0A6N2SLV1
457	A0A977II70	A0A977II70		
458	A0A977II70	A0A1Y2MSQ6		
459	R5STP1	R5STP1	R7C958	R5STP1
460	W4Q1R8	W4Q1R8	A0A2P8HWB3	W4Q1R8
461	W4Q1R8	A0A1X9MDR3	A0A2P8HWB3	W4Q1R8
462	W4Q1R8	D3G001	A0A2P8HWB3	W4Q1R8
463	W4Q1R8	A0A562QCX9	A0A2P8HWB3	W4Q1R8
464	W4Q1R8	W4QAJ2	A0A2P8HWB3	W4Q1R8
465	W4Q1R8	W4QUP1	A0A2P8HWB3	W4Q1R8
466	W4Q1R8	A0A840QNL4	A0A2P8HWB3	W4Q1R8
467	W4Q1R8	Q9KCG8	A0A2P8HWB3	W4Q1R8
468	W4Q1R8	A0A1H3L9D0	A0A2P8HWB3	W4Q1R8
469	A0A1H8L4C1	A0A1H8L4C1	A0A254NPA3	A0A1H8L4C1
470	A0A1H8L4C1	A0A6M1PHG2	A0A254NPA3	A0A1H8L4C1
471	A0A1H8L4C1	A0A1G9LGC0	A0A254NPA3	A0A1H8L4C1
472	A0A1H8L4C1	A0A1G9EPX3	A0A254NPA3	A0A1H8L4C1
473	A0A1H8L4C1	A0A3S9V6F5	A0A254NPA3	A0A1H8L4C1
474	A0A1H8L4C1	A0A1G7NLH5	A0A254NPA3	A0A1H8L4C1
475	A0A1H8L4C1	A0A5D0D2L3	A0A254NPA3	A0A1H8L4C1
476	A0A1H8L4C1	A0A7W3STM3	A0A254NPA3	A0A1H8L4C1
477	A0A1H8L4C1	A0A3S1BMZ4	A0A254NPA3	A0A1H8L4C1
478	A0A7U9MND5	A0A7U9MND5	A0A7U9MND5	A0A7U9MND5
479	A0A916JZY9	A0A916JZY9		
480	A0A916JZY9	W8ZK78		
481	A0A916JZY9	A0A919ZDK0		
482	A0A0F0CDC4	A0A0F0CDC4	A0A348AMN4	A0A0F0CDC4
483	A0A1V6I6W1	A0A1V6I6W1	A0A1V6I6W1	A0A1V6I6W1
484	A0A2S0XR11	A0A2S0XR11	A0A259UIB8	A0A2S0XR11
485	A0A554X2L3	A0A554X2L3	A0A259UPD7	A0A554X2L3
486	A0A173YI13	A0A173YI13	A0A348AMN4	A0A173YI13
487	A0A173YI13	A0A239TX81	A0A348AMN4	A0A173YI13
488	A0A1N7IV07	A0A1N7IV07	L8DHP6	A0A1N7IV07
489	A0A399DVH1	A0A399DVH1	C0ZCP7	A0A399DVH1
490	A0A829ZMP2	A0A829ZMP2	A0A829ZMP2	A0A829ZMP2
491	A0A829ZMP2	A0A6F9XLF6	A0A829ZMP2	A0A829ZMP2
492	A0A829ZMP2	A0A6F9Y850	A0A829ZMP2	A0A829ZMP2
493	A0A829ZMP2	A0A6F9YP23	A0A829ZMP2	A0A829ZMP2
494	A0A1Y0WKX0	A0A1Y0WKX0	A0A829ZMP2	A0A1Y0WKX0
495	A0A2U1WT61	A0A2U1WT61	A0A829ZMP2	A0A2U1WT61
496	A0A2U1WT61	A0A235HJA8	A0A829ZMP2	A0A2U1WT61
497	A0A2U1WT61	A0A060DHE3	A0A829ZMP2	A0A2U1WT61
498	A0A2U1WT61	A0A2S1XT41	A0A829ZMP2	A0A2U1WT61
499	A0A2U1WT61	A0A2S2CKT6	A0A829ZMP2	A0A2U1WT61
500	A0A2U1WT61	A0A2U1Y8A5	A0A829ZMP2	A0A2U1WT61
501	A0A2U1WT61	A0A2U9S1W9	A0A829ZMP2	A0A2U1WT61
502	A0A2U1WT61	A0A0F2KU74	A0A829ZMP2	A0A2U1WT61
503	A0A2U1WT61	A0A2U1WFM2	A0A829ZMP2	A0A2U1WT61
504	A0A2U1WT61	A0A2B8B8T3	A0A829ZMP2	A0A2U1WT61
505	A0A2U1WT61	A0A2U1VK32	A0A829ZMP2	A0A2U1WT61
506	A0A2U1WT61	A0A2U1XKT0	A0A829ZMP2	A0A2U1WT61
507	A0A2U1WT61	G7Z707	A0A829ZMP2	A0A2U1WT61
508	A0A2U1WT61	A0A2U1X5I0	A0A829ZMP2	A0A2U1WT61
509	A0A0P8W7Z2	A0A0P8W7Z2	A0A0P8W7Z2	A0A0P8W7Z2
510	A0A151AKQ8	A0A151AKQ8	A0A4R7RUE4	A0A151AKQ8
511	A0A173Y9D9	A0A173Y9D9	A0A173Y9D9	A0A173Y9D9
512	A0A1C6L2J7	A0A1C6L2J7	A0A4R7RUE4	A0A1C6L2J7
513	A0A1V4VR09	A0A1V4VR09	A0A4R7RUE4	A0A1V4VR09
514	A0A1V6BES0	A0A1V6BES0	A0A1V6BES0	A0A1V6BES0
515	A0A2R8FAR7	A0A2R8FAR7	A0A348AMB8	A0A2R8FAR7
516	A0A3S4WJB7	A0A3S4WJB7	A0A1V5YPB2	A0A3S4WJB7
517	A0A6M1ZL94	A0A6M1ZL94	A0A6M1ZL94	A0A6M1ZL94
518	A0A6M1ZL94	A0A6M1ZPX6	A0A6M1ZL94	A0A6M1ZL94
519	R5FSU6	R5FSU6	A0A354HLF6	R5FSU6
520	V4R1H7	V4R1H7	V4R1H7	V4R1H7
521	A0A6G9Q5B6	A0A6G9Q5B6	A0A348AMB8	A0A6G9Q5B6
522	A0A6G9Q5B6	A0A1X1FCW7	A0A348AMB8	A0A6G9Q5B6
523	A0A6G9Q5B6	A0A1E7XCQ5	A0A348AMB8	A0A6G9Q5B6
524	A0A0G1MTH1	A0A0G1MTH1	C0ZCP7	A0A0G1MTH1
525	A0A1C5VR62	A0A1C5VR62	A0A348AMN4	A0A1C5VR62
526	A0A1C5VR62	A0A1C5LM33	A0A348AMN4	A0A1C5VR62
527	A0A2S5D150	A0A2S5D150	C0ZCP7	A0A2S5D150
528	A0A564W4X4	A0A564W4X4	A0A1V5YPB2	A0A564W4X4
529	A0A0D0RVH7	A0A0D0RVH7	A0A0D0RVH7	A0A0D0RVH7
530	A0A1V6C403	A0A1V6C403	K1KS64	A0A1V6C403
531	A0A410WPK4	A0A410WPK4	A0A410WPK4	A0A410WPK4
532	A0A410WPK4	A0A7X3JY59	A0A410WPK4	A0A410WPK4
533	A0A410WPK4	A0A6B8RHF6	A0A410WPK4	A0A410WPK4
534	A0A410WPK4	A0A4Q7QRJ2	A0A410WPK4	A0A410WPK4
535	A0A410WPK4	A0A5P0YBY6	A0A410WPK4	A0A410WPK4
536	A0A410WPK4	A0A927LRB5	A0A410WPK4	A0A410WPK4
537	A0A410WPK4	A0A927C5Z6	A0A410WPK4	A0A410WPK4
538	A0A410WPK4	A0A1I4P4L2	A0A410WPK4	A0A410WPK4
539	A0A410WPK4	A0A4Q9DNG9	A0A410WPK4	A0A410WPK4
540	A0A410WPK4	A0A4R4EE54	A0A410WPK4	A0A410WPK4
541	A0A410WPK4	A0A2T6FSL1	A0A410WPK4	A0A410WPK4
542	A0A410WPK4	A0A6G3ZU75	A0A410WPK4	A0A410WPK4
543	A0A410WPK4	A0A3B0BSJ8	A0A410WPK4	A0A410WPK4
544	A0A926E6B6	A0A926E6B6		
545	A0A926E6B6	A0A316LKK8		
546	K2KE81	K2KE81	A0A1V5Q709	K2KE81
547	A0A060M050	A0A060M050	A0A348AMB8	A0A060M050
548	A0A151AQ07	A0A151AQ07	C0ZCP7	A0A151AQ07
549	A0A151AQ07	A0A2T0AMB1	C0ZCP7	A0A151AQ07
550	A0A151AQ07	A0A1J5JJ55	C0ZCP7	A0A151AQ07
551	A0A151AQ07	A0A1J5NGT2	C0ZCP7	A0A151AQ07
552	A0A1C5KYE3	A0A1C5KYE3	A0A829ZMP2	A0A1C5KYE3
553	A0A1C6L3K9	A0A1C6L3K9	A0A0P8W7Z2	A0A1C6L3K9
554	A0A1V4VZW8	A0A1V4VZW8	A0A1V4VZW8	A0A1V4VZW8
555	A0A4V2DZ80	A0A4V2DZ80	A0A078MK14	A0A4V2DZ80
556	A0A161X8H2	A0A161X8H2	A0A161X8H2	A0A161X8H2
557	A0A1V5U0D9	A0A1V5U0D9	A0A1V5U0D9	A0A1V5U0D9
558	A0A379LHS6	A0A379LHS6	A0A379LHS6	A0A379LHS6
559	A0A1E3KVD0	A0A1E3KVD0	A0A1E3KVD0	A0A1E3KVD0
560	A0A847C7J3	A0A847C7J3	A0A354HLF6	A0A847C7J3
561	A0A150L0P0	A0A150L0P0	A0A354HLF6	A0A150L0P0
562	A0A150L0P0	A0A1H4DWY8	A0A354HLF6	A0A150L0P0
563	A0A1C6JX73	A0A1C6JX73	A0A829ZMP2	A0A1C6JX73
564	A0A1V2RDC0	A0A1V2RDC0	A0A1V2RDC0	A0A1V2RDC0
565	A0A1V5Y4F6	A0A1V5Y4F6	A0A1V5Y4F6	A0A1V5Y4F6
566	A0A2P4UJ83	A0A2P4UJ83	A0A518C016	A0A2P4UJ83
567	A0A6C1VWQ9	A0A6C1VWQ9	A0A1V5YPB2	A0A6C1VWQ9
568	A0A6C1VWQ9	A0A919WG98	A0A1V5YPB2	A0A6C1VWQ9
569	A0A6C1VWQ9	A0A806TEH3	A0A1V5YPB2	A0A6C1VWQ9
570	A0A6C1VWQ9	A0A0B6AKY9	A0A1V5YPB2	A0A6C1VWQ9
571	A0A6C1VWQ9	UPI00084653E7	A0A1V5YPB2	A0A6C1VWQ9
572	A0A6C1VWQ9	UPI0011C8FD68	A0A1V5YPB2	A0A6C1VWQ9
573	A0A6C1VWQ9	UPI001D06DD38	A0A1V5YPB2	A0A6C1VWQ9
574	A0A6C1VWQ9	UPI00084F0077	A0A1V5YPB2	A0A6C1VWQ9
575	A0A6C1VWQ9	UPI0011DDB889	A0A1V5YPB2	A0A6C1VWQ9
576	A0A6C1VWQ9	UPI001E6371F1	A0A1V5YPB2	A0A6C1VWQ9
577	A0A6C1VWQ9	UPI00084F48AA	A0A1V5YPB2	A0A6C1VWQ9
578	A0A6C1VWQ9	UPI00125E9E3C	A0A1V5YPB2	A0A6C1VWQ9
579	A0A6C1VWQ9	UPI001FB405DE	A0A1V5YPB2	A0A6C1VWQ9
580	A0A6C1VWQ9	UPI000853BE2A	A0A1V5YPB2	A0A6C1VWQ9
581	A0A6C1VWQ9	UPI001292F1F4	A0A1V5YPB2	A0A6C1VWQ9
582	A0A6C1VWQ9	UPI00201D60BB	A0A1V5YPB2	A0A6C1VWQ9
583	A0A6C1VWQ9	UPI00089DF302	A0A1V5YPB2	A0A6C1VWQ9
584	A0A6C1VWQ9	UPI001293911D	A0A1V5YPB2	A0A6C1VWQ9
585	A0A6C1VWQ9	UPI00204244DF	A0A1V5YPB2	A0A6C1VWQ9
586	A0A6C1VWQ9	UPI0008FAFDA9	A0A1V5YPB2	A0A6C1VWQ9
587	A0A6C1VWQ9	UPI001297CF22	A0A1V5YPB2	A0A6C1VWQ9
588	A0A6C1VWQ9	UPI00209B8DA1	A0A1V5YPB2	A0A6C1VWQ9
589	A0A6C1VWQ9	O35010	A0A1V5YPB2	A0A6C1VWQ9
590	A0A6C1VWQ9	UPI000988E220	A0A1V5YPB2	A0A6C1VWQ9
591	A0A6C1VWQ9	UPI001362F2FA	A0A1V5YPB2	A0A6C1VWQ9
592	A0A6C1VWQ9	UPI0020C349A2	A0A1V5YPB2	A0A6C1VWQ9
593	A0A6C1VWQ9	UPI0009B6582A	A0A1V5YPB2	A0A6C1VWQ9
594	A0A6C1VWQ9	UPI0013637654	A0A1V5YPB2	A0A6C1VWQ9
595	A0A6C1VWQ9	UPI002115E938	A0A1V5YPB2	A0A6C1VWQ9
596	A0A6C1VWQ9	UPI0001F5C283	A0A1V5YPB2	A0A6C1VWQ9
597	A0A6C1VWQ9	UPI000A35B90C	A0A1V5YPB2	A0A6C1VWQ9
598	A0A6C1VWQ9	UPI00136426EE	A0A1V5YPB2	A0A6C1VWQ9
599	A0A6C1VWQ9	UPI00214A025A	A0A1V5YPB2	A0A6C1VWQ9
600	A0A6C1VWQ9	UPI00022BA673	A0A1V5YPB2	A0A6C1VWQ9
601	A0A6C1VWQ9	UPI000B4D6151	A0A1V5YPB2	A0A6C1VWQ9
602	A0A6C1VWQ9	UPI0013748B15	A0A1V5YPB2	A0A6C1VWQ9
603	A0A6C1VWQ9	UPI0021558C01	A0A1V5YPB2	A0A6C1VWQ9
604	A0A6C1VWQ9	UPI000259803B	A0A1V5YPB2	A0A6C1VWQ9
605	A0A6C1VWQ9	UPI000B7747D1	A0A1V5YPB2	A0A6C1VWQ9
606	A0A6C1VWQ9	UPI00137891F4	A0A1V5YPB2	A0A6C1VWQ9
607	A0A6C1VWQ9	UPI00227E98D5	A0A1V5YPB2	A0A6C1VWQ9
608	A0A6C1VWQ9	UPI00034D04C1	A0A1V5YPB2	A0A6C1VWQ9
609	A0A6C1VWQ9	UPI000BAF9C88	A0A1V5YPB2	A0A6C1VWQ9
610	A0A6C1VWQ9	UPI00137907E5	A0A1V5YPB2	A0A6C1VWQ9
611	A0A6C1VWQ9	UPI002283139C	A0A1V5YPB2	A0A6C1VWQ9
612	A0A6C1VWQ9	UPI0003962941	A0A1V5YPB2	A0A6C1VWQ9
613	A0A6C1VWQ9	UPI000C792881	A0A1V5YPB2	A0A6C1VWQ9
614	A0A6C1VWQ9	UPI0013CF44D8	A0A1V5YPB2	A0A6C1VWQ9
615	A0A6C1VWQ9	UPI00228586E0	A0A1V5YPB2	A0A6C1VWQ9
616	A0A6C1VWQ9	UPI0003A0D851	A0A1V5YPB2	A0A6C1VWQ9
617	A0A6C1VWQ9	UPI000CD20B9E	A0A1V5YPB2	A0A6C1VWQ9
618	A0A6C1VWQ9	UPI0013D6A818	A0A1V5YPB2	A0A6C1VWQ9
619	A0A6C1VWQ9	UPI0003FD3D4A	A0A1V5YPB2	A0A6C1VWQ9
620	A0A6C1VWQ9	UPI000CDB8A5C	A0A1V5YPB2	A0A6C1VWQ9
621	A0A6C1VWQ9	UPI00142D94C6	A0A1V5YPB2	A0A6C1VWQ9
622	A0A6C1VWQ9	UPI0004058ADF	A0A1V5YPB2	A0A6C1VWQ9
623	A0A6C1VWQ9	UPI000E8FC827	A0A1V5YPB2	A0A6C1VWQ9
624	A0A6C1VWQ9	UPI00142FFF53	A0A1V5YPB2	A0A6C1VWQ9
625	A0A6C1VWQ9	UPI0004A04D21	A0A1V5YPB2	A0A6C1VWQ9
626	A0A6C1VWQ9	UPI000F0778FA	A0A1V5YPB2	A0A6C1VWQ9
627	A0A6C1VWQ9	UPI0014307D22	A0A1V5YPB2	A0A6C1VWQ9
628	A0A6C1VWQ9	UPI0004E6D037	A0A1V5YPB2	A0A6C1VWQ9
629	A0A6C1VWQ9	UPI000F4A9D12	A0A1V5YPB2	A0A6C1VWQ9
630	A0A6C1VWQ9	UPI00145B2C8C	A0A1V5YPB2	A0A6C1VWQ9
631	A0A6C1VWQ9	UPI00053034CD	A0A1V5YPB2	A0A6C1VWQ9
632	A0A6C1VWQ9	UPI000F51FECD	A0A1V5YPB2	A0A6C1VWQ9
633	A0A6C1VWQ9	UPI00155AD861	A0A1V5YPB2	A0A6C1VWQ9
634	A0A6C1VWQ9	UPI000589F56A	A0A1V5YPB2	A0A6C1VWQ9
635	A0A6C1VWQ9	UPI000F542F94	A0A1V5YPB2	A0A6C1VWQ9
636	A0A6C1VWQ9	UPI00155F757B	A0A1V5YPB2	A0A6C1VWQ9
637	A0A6C1VWQ9	UPI00059D1E24	A0A1V5YPB2	A0A6C1VWQ9
638	A0A6C1VWQ9	UPI000F630F95	A0A1V5YPB2	A0A6C1VWQ9
639	A0A6C1VWQ9	UPI00155FDC8A	A0A1V5YPB2	A0A6C1VWQ9
640	A0A6C1VWQ9	UPI00059DAC9C	A0A1V5YPB2	A0A6C1VWQ9
641	A0A6C1VWQ9	UPI000FF8D6AB	A0A1V5YPB2	A0A6C1VWQ9
642	A0A6C1VWQ9	UPI00156B00EC	A0A1V5YPB2	A0A6C1VWQ9
643	A0A6C1VWQ9	UPI00059DF3DF	A0A1V5YPB2	A0A6C1VWQ9
644	A0A6C1VWQ9	UPI000FFE1475	A0A1V5YPB2	A0A6C1VWQ9
645	A0A6C1VWQ9	UPI0015E69D54	A0A1V5YPB2	A0A6C1VWQ9
646	A0A6C1VWQ9	UPI0005A428D2	A0A1V5YPB2	A0A6C1VWQ9
647	A0A6C1VWQ9	UPI001009E26F	A0A1V5YPB2	A0A6C1VWQ9
648	A0A6C1VWQ9	UPI001628D979	A0A1V5YPB2	A0A6C1VWQ9
649	A0A6C1VWQ9	UPI00061DCDF5	A0A1V5YPB2	A0A6C1VWQ9
650	A0A6C1VWQ9	UPI00100A0F6B	A0A1V5YPB2	A0A6C1VWQ9
651	A0A6C1VWQ9	UPI00165A4320	A0A1V5YPB2	A0A6C1VWQ9
652	A0A6C1VWQ9	A0A8F7XI10	A0A1V5YPB2	A0A6C1VWQ9
653	A0A6C1VWQ9	UPI00063FD768	A0A1V5YPB2	A0A6C1VWQ9
654	A0A6C1VWQ9	UPI00102ECC5C	A0A1V5YPB2	A0A6C1VWQ9
655	A0A6C1VWQ9	UPI00165CE0F6	A0A1V5YPB2	A0A6C1VWQ9
656	A0A6C1VWQ9	A0A8F9STE8	A0A1V5YPB2	A0A6C1VWQ9
657	A0A6C1VWQ9	UPI00065D5F60	A0A1V5YPB2	A0A6C1VWQ9
658	A0A6C1VWQ9	UPI00106322F1	A0A1V5YPB2	A0A6C1VWQ9
659	A0A6C1VWQ9	UPI00178CDD57	A0A1V5YPB2	A0A6C1VWQ9
660	A0A6C1VWQ9	A0A6A8FTF0	A0A1V5YPB2	A0A6C1VWQ9
661	A0A6C1VWQ9	A0A8G0TVL2	A0A1V5YPB2	A0A6C1VWQ9
662	A0A6C1VWQ9	UPI0006A7FEE8	A0A1V5YPB2	A0A6C1VWQ9
663	A0A6C1VWQ9	UPI001066DF5D	A0A1V5YPB2	A0A6C1VWQ9
664	A0A6C1VWQ9	UPI0018E95892	A0A1V5YPB2	A0A6C1VWQ9
665	A0A6C1VWQ9	A0A8I2B7A7	A0A1V5YPB2	A0A6C1VWQ9
666	A0A6C1VWQ9	UPI0006A895C1	A0A1V5YPB2	A0A6C1VWQ9
667	A0A6C1VWQ9	UPI00114DA814	A0A1V5YPB2	A0A6C1VWQ9
668	A0A6C1VWQ9	UPI001B262D74	A0A1V5YPB2	A0A6C1VWQ9
669	A0A6C1VWQ9	UPI0007AF4C9C	A0A1V5YPB2	A0A6C1VWQ9
670	A0A6C1VWQ9	UPI00119A58AF	A0A1V5YPB2	A0A6C1VWQ9
671	A0A6C1VWQ9	UPI001C219811	A0A1V5YPB2	A0A6C1VWQ9
672	A0A6C1VWQ9	A0A7D7C772	A0A1V5YPB2	A0A6C1VWQ9
673	A0A6C1VWQ9	UPI0007E51093	A0A1V5YPB2	A0A6C1VWQ9
674	A0A6C1VWQ9	UPI0011AAB6EB	A0A1V5YPB2	A0A6C1VWQ9
675	A0A6C1VWQ9	UPI001C24AB12	A0A1V5YPB2	A0A6C1VWQ9
676	A0A6C1VWQ9	UPI00083FEE74	A0A1V5YPB2	A0A6C1VWQ9
677	A0A6C1VWQ9	UPI0011AADBF7	A0A1V5YPB2	A0A6C1VWQ9
678	A0A6C1VWQ9	UPI001C24B084	A0A1V5YPB2	A0A6C1VWQ9
679	A0A6C1VWQ9	A0A5P9HTA7	A0A1V5YPB2	A0A6C1VWQ9
680	A0A6C1VWQ9	A0A8J2ZS34	A0A1V5YPB2	A0A6C1VWQ9
681	A0A6C1VWQ9	A0A8J2YCX2	A0A1V5YPB2	A0A6C1VWQ9
682	A0A6C1VWQ9	A0A511VC99	A0A1V5YPB2	A0A6C1VWQ9
683	A0A7L4ZIF3	A0A7L4ZIF3	A0A1V5YPB2	A0A7L4ZIF3
684	A0A7L4ZIF3	A0A345H5Z6	A0A1V5YPB2	A0A7L4ZIF3
685	A0A7L4ZIF3	A0A927QL70	A0A1V5YPB2	A0A7L4ZIF3
686	A0A7L4ZIF3	A0A0X7BBE7	A0A1V5YPB2	A0A7L4ZIF3
687	A0A7L4ZIF3	A0A653U5P8	A0A1V5YPB2	A0A7L4ZIF3
688	A0A7L4ZIF3	A0A199XUM9	A0A1V5YPB2	A0A7L4ZIF3
689	A0A7L4ZIF3	A0A2N9PB06	A0A1V5YPB2	A0A7L4ZIF3
690	A0A7L4ZIF3	A0A0U3F364	A0A1V5YPB2	A0A7L4ZIF3
691	A0A7L4ZIF3	A0A378U4R6	A0A1V5YPB2	A0A7L4ZIF3
692	A0A7L4ZIF3	A0A8T9DW70	A0A1V5YPB2	A0A7L4ZIF3
693	A0A7L4ZIF3	A0A385BSW3	A0A1V5YPB2	A0A7L4ZIF3
694	A0A7L4ZIF3	A0A330MML9	A0A1V5YPB2	A0A7L4ZIF3
695	A0A7L4ZIF3	A0A916HN28	A0A1V5YPB2	A0A7L4ZIF3
696	A0A7L4ZIF3	A0A221UYV5	A0A1V5YPB2	A0A7L4ZIF3
697	A0A7L4ZIF3	A0A2I9EL02	A0A1V5YPB2	A0A7L4ZIF3
698	S7U7G8	S7U7G8	S7U7G8	S7U7G8
699	A0A1G6VBJ0	A0A1G6VBJ0	A0A1I0DL10	A0A1G6VBJ0
700	A0A1G6VBJ0	A0A285NMQ5	A0A1I0DL10	A0A1G6VBJ0
701	A0A1I2BS16	A0A1I2BS16	A0A254NPA3	A0A1I2BS16
702	A0A857JNU5	A0A857JNU5	A0A6N2TU31	A0A857JNU5
703	A0A1V5W6F5	A0A1V5W6F5	L8DHP6	A0A1V5W6F5
704	A0A2L2WTV2	A0A2L2WTV2	A0A259UPD7	A0A2L2WTV2
705	A0A098EJJ4	A0A098EJJ4	A0A6V8LYJ9	A0A098EJJ4
706	A0A1V5WC85	A0A1V5WC85	A0A1V5WC85	A0A1V5WC85
707	A0A380BF02	A0A380BF02	A0A1G8SQW0	A0A380BF02
708	A0A847WC53	A0A847WC53	A0A1I3GQ51	A0A847WC53
709	A0A847WC53	A0A6L5YQR6	A0A1I3GQ51	A0A847WC53
710	A0A847WC53	R6B644	A0A1I3GQ51	A0A847WC53
711	A0A847WC53	A0A7C6FUJ4	A0A1I3GQ51	A0A847WC53
712	A0A847WC53	A0A970K4U8	A0A1I3GQ51	A0A847WC53
713	A0A847WC53	R5PW20	A0A1I3GQ51	A0A847WC53
714	A0A847WC53	R6QF42	A0A1I3GQ51	A0A847WC53
715	A0A847WC53	R6X7U2	A0A1I3GQ51	A0A847WC53
716	A0A847WC53	R7L7F2	A0A1I3GQ51	A0A847WC53
717	A0A847WC53	R7MC58	A0A1I3GQ51	A0A847WC53
718	A0A847WC53	R7F3K0	A0A1I3GQ51	A0A847WC53
719	A0A847WC53	A0A1M5YA39	A0A1I3GQ51	A0A847WC53
720	A0A847WC53	A0A971BG60	A0A1I3GQ51	A0A847WC53
721	A0A847WC53	A0A970Y920	A0A1I3GQ51	A0A847WC53
722	A0A847WC53	R7R2V1	A0A1I3GQ51	A0A847WC53
723	A0A847WC53	A0A4R1S001	A0A1I3GQ51	A0A847WC53
724	A0A173U4W7	A0A173U4W7	A0A1V5LKA0	A0A173U4W7
725	A0A1V4I6Q7	A0A1V4I6Q7	A0A354HLF6	A0A1V4I6Q7
726	A0A1V4I6Q7	A0A2T0B383	A0A354HLF6	A0A1V4I6Q7
727	A0A1V4I6Q7	K0B115	A0A354HLF6	A0A1V4I6Q7
728	A0A3P5XBV8	A0A3P5XBV8	K1KS64	A0A3P5XBV8
729	A0A3P5XBV8	A0A098EIW5	K1KS64	A0A3P5XBV8
730	A0A4Y7RYV5	A0A4Y7RYV5	A0A1V5LKA0	A0A4Y7RYV5
731	A0A4Y7RYV5	A0A1V5BK93	A0A1V5LKA0	A0A4Y7RYV5
732	A0A4Y7RYV5	A0A1V5BU00	A0A1V5LKA0	A0A4Y7RYV5
733	A0A4Y7RYV5	A0A4Y7R6N3	A0A1V5LKA0	A0A4Y7RYV5
734	A0A4Y7RYV5	A0A4Y7RUU4	A0A1V5LKA0	A0A4Y7RYV5
735	A0A4Y7RYV5	A0A1V4W1P0	A0A1V5LKA0	A0A4Y7RYV5
736	A0A7R7E2C2	A0A7R7E2C2	C0ZCP7	A0A7R7E2C2
737	A0A0D0Q9I3	A0A0D0Q9I3	L8DHP6	A0A0D0Q9I3
738	A0A0D0Q9I3	A0A0D0HNG2	L8DHP6	A0A0D0Q9I3
739	A0A1V5XI10	A0A1V5XI10	A0A348AMN4	A0A1V5XI10
740	M8DBN9	M8DBN9	C0ZCP7	M8DBN9
741	M8DBN9	V6MEX2	C0ZCP7	M8DBN9
742	A0A0A5FX53	A0A0A5FX53	A0A1U7M8N9	A0A0A5FX53
743	A0A0A5FX53	A0A4R3NA36	A0A1U7M8N9	A0A0A5FX53
744	A0A1C5VXA3	A0A1C5VXA3	A0A1C5KMM8	A0A1C5VXA3
745	A0A1C5VXA3	A0A1C6AVJ4	A0A1C5KMM8	A0A1C5VXA3
746	A0A1C5VXA3	A0A1C5YKF1	A0A1C5KMM8	A0A1C5VXA3
747	A0A1C5VXA3	A0A1C5YW32	A0A1C5KMM8	A0A1C5VXA3
748	A0A1C5VXA3	A0A174GWM5	A0A1C5KMM8	A0A1C5VXA3
749	A0A1C5VXA3	A0A1C6ATA7	A0A1C5KMM8	A0A1C5VXA3
750	A0A1C5VXA3	A0A1C6BST3	A0A1C5KMM8	A0A1C5VXA3
751	A0A1C5VXA3	A0A1C6DPK9	A0A1C5KMM8	A0A1C5VXA3
752	A0A1C5VXA3	A0A6N2T144	A0A1C5KMM8	A0A1C5VXA3
753	A0A1C5VXA3	A0A6N2XWA2	A0A1C5KMM8	A0A1C5VXA3
754	A0A1C5VXA3	A0A1C6IK15	A0A1C5KMM8	A0A1C5VXA3
755	A0A1C5VXA3	A0A1C5P7X1	A0A1C5KMM8	A0A1C5VXA3
756	A0A1C5VXA3	A0A1C5Y7C6	A0A1C5KMM8	A0A1C5VXA3
757	A0A1C5VXA3	A0A1C5ZVE5	A0A1C5KMM8	A0A1C5VXA3
758	A0A1C5VXA3	A0A174R1Z8	A0A1C5KMM8	A0A1C5VXA3
759	A0A1C5VXA3	A0A1C6FHB1	A0A1C5KMM8	A0A1C5VXA3
760	A0A1C5VXA3	A0A6N2X1N5	A0A1C5KMM8	A0A1C5VXA3
761	A0A1C5VXA3	A0A1C6J7E2	A0A1C5KMM8	A0A1C5VXA3
762	A0A1C5VXA3	A0A1C6HVD0	A0A1C5KMM8	A0A1C5VXA3
763	A0A1V5WF40	A0A1V5WF40	A0A1V5Q709	A0A1V5WF40
764	A0A1V5WF40	A0A1V5PMQ5	A0A1V5Q709	A0A1V5WF40
765	A0A5P9HKW0	A0A5P9HKW0	A0A5P9HKW0	A0A5P9HKW0
766	A0A1E3KYV2	A0A1E3KYV2	A0A1E3KYV2	A0A1E3KYV2
767	A0A3P3XI41	A0A3P3XI41	A0A3P3XI41	A0A3P3XI41
768	A0A150M8G4	A0A150M8G4	A0A1I0DL10	A0A150M8G4
769	A0A150M8G4	A0A327YPC6	A0A1I0DL10	A0A150M8G4
770	A0A150M8G4	A0A1H0VCK7	A0A1I0DL10	A0A150M8G4
771	A0A150M8G4	A0A7V9YWU2	A0A1I0DL10	A0A150M8G4
772	A0A150M8G4	A0A840DVG7	A0A1I0DL10	A0A150M8G4
773	A0A150M8G4	A0A167T8X6	A0A1I0DL10	A0A150M8G4
774	A0A150M8G4	A0A0V8HMP4	A0A1I0DL10	A0A150M8G4
775	A0A150M8G4	A0A7X0HQJ5	A0A1I0DL10	A0A150M8G4
776	A0A150M8G4	A6CRC9	A0A1I0DL10	A0A150M8G4
777	A0A150M8G4	A0A1I6BFH2	A0A1I0DL10	A0A150M8G4
778	A0A150M8G4	A0A366EKZ1	A0A1I0DL10	A0A150M8G4
779	A0A150M8G4	N0B2S2	A0A1I0DL10	A0A150M8G4
780	A0A150M8G4	A0A090IVB1	A0A1I0DL10	A0A150M8G4
781	A0A150M8G4	A0A380XY66	A0A1I0DL10	A0A150M8G4
782	A0A150M8G4	A0A2V2ZZD1	A0A1I0DL10	A0A150M8G4
783	A0A150M8G4	W7L089	A0A1I0DL10	A0A150M8G4
784	A0A150M8G4	A0A561DSW2	A0A1I0DL10	A0A150M8G4
785	A0A150M8G4	E5WIJ9	A0A1I0DL10	A0A150M8G4
786	A0A150M8G4	A0A366JXJ5	A0A1I0DL10	A0A150M8G4
787	A0A150M8G4	A0A562JCZ8	A0A1I0DL10	A0A150M8G4
788	A0A150M8G4	A0A852TAS5	A0A1I0DL10	A0A150M8G4
789	A0A150M8G4	Q2B5V4	A0A1I0DL10	A0A150M8G4
790	A0A150M8G4	R9C3A4	A0A1I0DL10	A0A150M8G4
791	A0A150M8G4	A0A0D0EMK1	A0A1I0DL10	A0A150M8G4
792	A0A150M8G4	A0A0D0FGE3	A0A1I0DL10	A0A150M8G4
793	A0A150M8G4	A0A0D0G2T0	A0A1I0DL10	A0A150M8G4
794	A0A150M8G4	A0A6L5AZT3	A0A1I0DL10	A0A150M8G4
795	A0A150M8G4	I3DX87	A0A1I0DL10	A0A150M8G4
796	A0A150M8G4	I3EAG6	A0A1I0DL10	A0A150M8G4
797	A0A150M8G4	K6C563	A0A1I0DL10	A0A150M8G4
798	A0A150M8G4	A0A800MU00	A0A1I0DL10	A0A150M8G4
799	A0A150M8G4	A0A1H8K337	A0A1I0DL10	A0A150M8G4
800	A0A150M8G4	A0A072NJA5	A0A1I0DL10	A0A150M8G4
801	A0A150M8G4	A0A285UBJ1	A0A1I0DL10	A0A150M8G4
802	A0A150M8G4	A0A090ZH68	A0A1I0DL10	A0A150M8G4
803	A0A150M8G4	W4RNA6	A0A1I0DL10	A0A150M8G4
804	A0A150M8G4	A0A098F4Q8	A0A1I0DL10	A0A150M8G4
805	A0A150M8G4	A0A1I6ADW3	A0A1I0DL10	A0A150M8G4
806	A0A150M8G4	A0A4V2RBY8	A0A1I0DL10	A0A150M8G4
807	A0A150M8G4	A0A1H9QAI0	A0A1I0DL10	A0A150M8G4
808	A0A150M8G4	C6IWP5	A0A1I0DL10	A0A150M8G4
809	A0A150M8G4	A0A1H0B574	A0A1I0DL10	A0A150M8G4
810	A0A150M8G4	A0A0A8X4H2	A0A1I0DL10	A0A150M8G4
811	A0A150M8G4	K6DPG2	A0A1I0DL10	A0A150M8G4
812	A0A150M8G4	K6DQP7	A0A1I0DL10	A0A150M8G4
813	A0A150M8G4	A0A1H0EYE0	A0A1I0DL10	A0A150M8G4
814	A0A150M8G4	A0A852T807	A0A1I0DL10	A0A150M8G4
815	A0A150M8G4	Q8EQG9	A0A1I0DL10	A0A150M8G4
816	A0A150M8G4	A0A1Y6FZ90	A0A1I0DL10	A0A150M8G4
817	A0A150M8G4	A0A0U1P1I6	A0A1I0DL10	A0A150M8G4
818	A0A150M8G4	A0A4R2PA66	A0A1I0DL10	A0A150M8G4
819	A0A150M8G4	A0A0F5I6S9	A0A1I0DL10	A0A150M8G4
820	A0A150M8G4	A0A0C2XWA3	A0A1I0DL10	A0A150M8G4
821	A0A150M8G4	A0A285CK79	A0A1I0DL10	A0A150M8G4
822	A0A150M8G4	A0A098F122	A0A1I0DL10	A0A150M8G4
823	A0A150M8G4	A0A2X4WG16	A0A1I0DL10	A0A150M8G4
824	A0A150M8G4	A0A5P9HRG6	A0A1I0DL10	A0A150M8G4
825	A0A173U6N6	A0A173U6N6	A0A829ZMP2	A0A173U6N6
826	A0A1C5UGB9	A0A1C5UGB9	A0A1Y6AQ80	A0A1C5UGB9
827	A0A1C5UGB9	A0A1C5P5B2	A0A1Y6AQ80	A0A1C5UGB9
828	A0A1C6K4M9	A0A1C6K4M9	A0A1Y6AQ80	A0A1C6K4M9
829	A0A1V5Y675	A0A1V5Y675	A0A6V8LYJ9	A0A1V5Y675
830	A0A238K9X1	A0A238K9X1	A0A246KEF4	A0A238K9X1
831	A0A2R2W5C2	A0A2R2W5C2	A0A078MK14	A0A2R2W5C2
832	H6NJ06	H6NJ06	A0A2P8HWB3	H6NJ06
833	H6NJ06	F8FNK7	A0A2P8HWB3	H6NJ06
834	H6NJ06	A0A940PM97	A0A2P8HWB3	H6NJ06
835	H6NJ06	V9W4V2	A0A2P8HWB3	H6NJ06
836	H6NJ06	A0A1I3NQM2	A0A2P8HWB3	H6NJ06
837	H6NJ06	A0A1I6R019	A0A2P8HWB3	H6NJ06
838	H6NJ06	A0A5S5C3B1	A0A2P8HWB3	H6NJ06
839	H6NJ06	A0A1H3BB23	A0A2P8HWB3	H6NJ06
840	H6NJ06	A0A3D9RT04	A0A2P8HWB3	H6NJ06
841	H6NJ06	A0A7W5FM21	A0A2P8HWB3	H6NJ06
842	H6NJ06	A0A1H8A448	A0A2P8HWB3	H6NJ06
843	H6NJ06	X4ZB68	A0A2P8HWB3	H6NJ06
844	H6NJ06	A0A1G9G722	A0A2P8HWB3	H6NJ06
845	H6NJ06	A0A1H8TU37	A0A2P8HWB3	H6NJ06
846	H6NJ06	A0A1I1AAH5	A0A2P8HWB3	H6NJ06
847	H6NJ06	A0A1I4G566	A0A2P8HWB3	H6NJ06
848	H6NJ06	A0A916NQI9	A0A2P8HWB3	H6NJ06
849	H6NJ06	A0A1K1M666	A0A2P8HWB3	H6NJ06
850	H6NJ06	A0A2V2YRS9	A0A2P8HWB3	H6NJ06
851	H6NJ06	A0A1M6AM16	A0A2P8HWB3	H6NJ06
852	H6NJ06	A0A1G9Z9J7	A0A2P8HWB3	H6NJ06
853	H6NJ06	A0A1G8EKC8	A0A2P8HWB3	H6NJ06
854	H6NJ06	Q67P41	A0A2P8HWB3	H6NJ06
855	H6NJ06	A0A2N5N4R9	A0A2P8HWB3	H6NJ06
856	H6NJ06	A0A1H2RNT9	A0A2P8HWB3	H6NJ06
857	H6NJ06	A0A1I6PYZ5	A0A2P8HWB3	H6NJ06
858	H6NJ06	A0A369BQA4	A0A2P8HWB3	H6NJ06
859	H6NJ06	A0A927LKR4	A0A2P8HWB3	H6NJ06
860	H6NJ06	A0A1I2A196	A0A2P8HWB3	H6NJ06
861	H6NJ06	A0A3D9IUZ7	A0A2P8HWB3	H6NJ06
862	H6NJ06	A0A3D9KDB8	A0A2P8HWB3	H6NJ06
863	H6NJ06	H3SMJ6	A0A2P8HWB3	H6NJ06
864	H6NJ06	A0A1N6XPL3	A0A2P8HWB3	H6NJ06
865	H6NJ06	A0A1H1NLS6	A0A2P8HWB3	H6NJ06
866	H6NJ06	S9SRJ4	A0A2P8HWB3	H6NJ06
867	H6NJ06	A0A383RFA1	A0A2P8HWB3	H6NJ06
868	H6NJ06	K4ZNE4	A0A2P8HWB3	H6NJ06
869	H6NJ06	A0A1G7LKS3	A0A2P8HWB3	H6NJ06
870	H6NJ06	A0A1E1VP79	A0A2P8HWB3	H6NJ06
871	H6NJ06	A0A1H4M779	A0A2P8HWB3	H6NJ06
872	H6NJ06	A0A7W5C5M9	A0A2P8HWB3	H6NJ06
873	H6NJ06	A0A368VUW8	A0A2P8HWB3	H6NJ06
874	H6NJ06	A0A7W3SU43	A0A2P8HWB3	H6NJ06
875	H6NJ06	A0A1G7MPY7	A0A2P8HWB3	H6NJ06
876	H6NJ06	A0A1H6C592	A0A2P8HWB3	H6NJ06
877	H6NJ06	F5LRY3	A0A2P8HWB3	H6NJ06
878	H6NJ06	A0A1X7LIP8	A0A2P8HWB3	H6NJ06
879	H6NJ06	A0A4R2A175	A0A2P8HWB3	H6NJ06
880	H6NJ06	A0A1I2EWD9	A0A2P8HWB3	H6NJ06
881	R5AAF1	R5AAF1	R5AAF1	R5AAF1
882	R5AAF1	R6BGB2	R5AAF1	R5AAF1
883	A0A1H4GUM1	A0A1H4GUM1	A0A354HLF6	A0A1H4GUM1
884	A0A1I2NVF2	A0A1I2NVF2	V9GE64	A0A1I2NVF2
885	A0A410P2Z4	A0A410P2Z4	A0A348AMB8	A0A410P2Z4
886	A0A0D1KI97	A0A0D1KI97	L8DHP6	A0A0D1KI97
887	A0A1C5MEG6	A0A1C5MEG6	A0A1U7M8N9	A0A1C5MEG6
888	A0A1V5Y1B4	A0A1V5Y1B4	A0A1V5Y1B4	A0A1V5Y1B4
889	A0A2R2W7J9	A0A2R2W7J9	C0ZCP7	A0A2R2W7J9
890	A0A828ZJD3	A0A828ZJD3	A0A0D0RVH7	A0A828ZJD3
891	A0A828ZJD3	B1HNB1	A0A0D0RVH7	A0A828ZJD3
892	A0A828ZJD3	A0A828ZA80	A0A0D0RVH7	A0A828ZJD3
893	A0A828ZJD3	A0A2S5D4V8	A0A0D0RVH7	A0A828ZJD3
894	A0A173VAM1	A0A173VAM1	A0A1C5KMM8	A0A173VAM1
895	A0A1V5X8L6	A0A1V5X8L6	A0A829ZMP2	A0A1V5X8L6
896	A0A381EB14	A0A381EB14	A0A381EB14	A0A381EB14
897	A0A5P9HN22	A0A5P9HN22	A0A5P9HN22	A0A5P9HN22
898	A0A806TIM2	A0A806TIM2	A0A1G8SQW0	A0A806TIM2
899	A0A3R8KZD9	A0A3R8KZD9	A0A348AMN4	A0A3R8KZD9
900	A0A3R8KZD9	A0A4Q9Y2B2	A0A348AMN4	A0A3R8KZD9
901	A0A3R8KZD9	A0A151G438	A0A348AMN4	A0A3R8KZD9
902	A0A3R8KZD9	A0A837NKK7	A0A348AMN4	A0A3R8KZD9
903	A0A3R8KZD9	A0A2S1T6S5	A0A348AMN4	A0A3R8KZD9
904	A0A3R8KZD9	A0A199QI91	A0A348AMN4	A0A3R8KZD9
905	A0A3R8KZD9	A0A2S9VHJ2	A0A348AMN4	A0A3R8KZD9
906	A0A3R8KZD9	A0A2S9VHR4	A0A348AMN4	A0A3R8KZD9
907	A0A3R8KZD9	A0A3M6KJ44	A0A348AMN4	A0A3R8KZD9
908	A0A3R8KZD9	A0A8D4N9Q9	A0A348AMN4	A0A3R8KZD9
909	A0A6F8ZGF4	A0A6F8ZGF4	A0A6F8ZGF4	A0A6F8ZGF4
910	A0A8B4YK50	A0A8B4YK50	A0A1G8SQW0	A0A8B4YK50
911	A0A8B4YK50	A0A7H4UHU4	A0A1G8SQW0	A0A8B4YK50
912	A0A8B4YK50	A0A199QGC2	A0A1G8SQW0	A0A8B4YK50
913	A0A8B4YK50	A0A2S9VQ97	A0A1G8SQW0	A0A8B4YK50
914	A0A8B4YK50	A0A2S9VWX9	A0A1G8SQW0	A0A8B4YK50
915	A0A8B4YK50	A0A2R3JQ84	A0A1G8SQW0	A0A8B4YK50
916	A0A8B4YK50	A0A837NG43	A0A1G8SQW0	A0A8B4YK50
917	A0A8B4YK50	A0A166PAQ3	A0A1G8SQW0	A0A8B4YK50
918	A0A8B4YK50	A0A6P1PI23	A0A1G8SQW0	A0A8B4YK50
919	A0A8B4YK50	A0A2R3JWI6	A0A1G8SQW0	A0A8B4YK50
920	A0A8B4YK50	A0A660DUY8	A0A1G8SQW0	A0A8B4YK50
921	A0A8B4YK50	A0A1W6NUB1	A0A1G8SQW0	A0A8B4YK50
922	A0A8B4YK50	A0A151G1C0	A0A1G8SQW0	A0A8B4YK50
923	A0A8B4YK50	A0A1E3KWC1	A0A1G8SQW0	A0A8B4YK50
924	A0A1C5KMM8	A0A1C5KMM8	A0A1C5KMM8	A0A1C5KMM8
925	A0A1C5VJV2	A0A1C5VJV2	A0A1C5VJV2	A0A1C5VJV2
926	A0A1C6KPI7	A0A1C6KPI7	A0A1V5LKA0	A0A1C6KPI7
927	A0A1V4SIA2	A0A1V4SIA2	A0A1V4SIA2	A0A1V4SIA2
928	A0A1V5YPB2	A0A1V5YPB2	A0A1V5YPB2	A0A1V5YPB2
929	A0A2R8AFF2	A0A2R8AFF2	C0ZCP7	A0A2R8AFF2
930	A0A378I0S2	A0A378I0S2	A0A518C016	A0A378I0S2
931	A0A7U6KCS8	A0A7U6KCS8	A0A354HLF6	A0A7U6KCS8
932	A0A7U6KCS8	A0A1I3NBR2	A0A354HLF6	A0A7U6KCS8
933	R5ATJ0	R5ATJ0	R5ATJ0	R5ATJ0
934	R5ATJ0	A0A3D1V9H0	R5ATJ0	R5ATJ0
935	R5ATJ0	A0A351ATK1	R5ATJ0	R5ATJ0
936	R5ATJ0	A0A358PG88	R5ATJ0	R5ATJ0
937	U5Q6I1	U5Q6I1	A0A1V5LKA0	U5Q6I1
938	A0A1I2Q0D3	A0A1I2Q0D3	A0A354HLF6	A0A1I2Q0D3
939	A0A1I2Q0D3	A0A806TM40	A0A354HLF6	A0A1I2Q0D3
940	A0A1I2Q0D3	D5DMI3	A0A354HLF6	A0A1I2Q0D3
941	A0A1I2Q0D3	A0A1G9R611	A0A354HLF6	A0A1I2Q0D3
942	A0A1I2Q0D3	A0A4R6U5D9	A0A354HLF6	A0A1I2Q0D3
943	A0A1I2Q0D3	A0A7W0HIF8	A0A354HLF6	A0A1I2Q0D3
944	A0A1I2Q0D3	A0A7W9YPJ7	A0A354HLF6	A0A1I2Q0D3
945	A0A1I2Q0D3	A0A1I0SRQ5	A0A354HLF6	A0A1I2Q0D3
946	A0A1I2Q0D3	A0A0D0HPZ0	A0A354HLF6	A0A1I2Q0D3
947	A0A1I2Q0D3	A0A0D0R1P8	A0A354HLF6	A0A1I2Q0D3
948	A0A1I2Q0D3	A0A7W8JF50	A0A354HLF6	A0A1I2Q0D3
949	A0A1I2Q0D3	A0A1X7CYH2	A0A354HLF6	A0A1I2Q0D3
950	A0A1I2Q0D3	A0A3N6B640	A0A354HLF6	A0A1I2Q0D3
951	A0A5C0WE58	A0A5C0WE58	A0A348AMB8	A0A5C0WE58
952	A0A5C0WE58	A0A498U1G2	A0A348AMB8	A0A5C0WE58
953	A0A5C0WE58	A0A653PIK4	A0A348AMB8	A0A5C0WE58
954	A0A0D1KRP9	A0A0D1KRP9	A0A0D1KRP9	A0A0D1KRP9
955	A0A1C5RUP2	A0A1C5RUP2	A0A348AMB8	A0A1C5RUP2
956	A0A1C5RUP2	A0A1C6KAV1	A0A348AMB8	A0A1C5RUP2
957	A0A1V6BVN9	A0A1V6BVN9	A0A1V6BVN9	A0A1V6BVN9
958	A0A1V5YL97	A0A1V5YL97	A0A1V5YL97	A0A1V5YL97
959	A0A381ECX2	A0A381ECX2	L8DHP6	A0A381ECX2
960	A0A829ZIN9	A0A829ZIN9	A0A829ZMP2	A0A829ZIN9
961	A0A1E3L7B8	A0A1E3L7B8	A0A1E3L7B8	A0A1E3L7B8
962	A0A0P8W459	A0A0P8W459	A0A348AMN4	A0A0P8W459
963	A0A151AKB7	A0A151AKB7	A0A348AMB8	A0A151AKB7
964	A0A1C5KNM7	A0A1C5KNM7	A0A6N2TU31	A0A1C5KNM7
965	A0A1C5VQP2	A0A1C5VQP2	R5N6Z6	A0A1C5VQP2
966	A0A1C6KPN5	A0A1C6KPN5	A0A829ZMP2	A0A1C6KPN5
967	A0A1V4SPK4	A0A1V4SPK4	A0A348AMB8	A0A1V4SPK4
968	A0A1V6B291	A0A1V6B291	G8S0L0	A0A1V6B291
969	A0A378MH08	A0A378MH08	A0A348AMB8	A0A378MH08
970	A0A7U6QII7	A0A7U6QII7	A0A354HLF6	A0A7U6QII7
971	A0A7U6QII7	A0A3N1XRM1	A0A354HLF6	A0A7U6QII7
972	R5E8N9	R5E8N9	R5E8N9	R5E8N9
973	UPI0001CF73DB	UPI0001CF73DB		
974	A0A1I2Q7B9	A0A1I2Q7B9	R7HVK1	A0A1I2Q7B9
975	A0A1I2Q7B9	A0A1H4B6J9	R7HVK1	A0A1I2Q7B9
976	A0A3N5BWX9	A0A3N5BWX9	A0A1I0DL10	A0A3N5BWX9
977	A0A3N5BWX9	A0A1H0C001	A0A1I0DL10	A0A3N5BWX9
978	A0A8D3WY21	A0A8D3WY21		
979	D4CM90	D4CM90	R7HVK1	D4CM90
980	D4CM90	A0A7W9SHJ5	R7HVK1	D4CM90
981	D4CM90	C2KWA3	R7HVK1	D4CM90
982	R6SGY6	R6SGY6	R6SGY6	R6SGY6
983	A0A1I0DL10	A0A1I0DL10	A0A1I0DL10	A0A1I0DL10
984	A0A1I0DL10	A0A4R3NA51	A0A1I0DL10	A0A1I0DL10
985	A0A1I0DL10	A0A841Q322	A0A1I0DL10	A0A1I0DL10
986	A0A1I0DL10	B1HNT4	A0A1I0DL10	A0A1I0DL10
987	A0A1I0DL10	A0A285SL59	A0A1I0DL10	A0A1I0DL10
988	A0A1I0DL10	A0A1H9L2R6	A0A1I0DL10	A0A1I0DL10
989	A0A1I0DL10	A0A828ZBQ5	A0A1I0DL10	A0A1I0DL10
990	A0A1I0DL10	A0A1H9PHL0	A0A1I0DL10	A0A1I0DL10
991	A0A1I0DL10	K1KTG7	A0A1I0DL10	A0A1I0DL10
992	A0A1I0DL10	A0A2X0YRU6	A0A1I0DL10	A0A1I0DL10
993	A0A1I0DL10	A0A0U9H5T9	A0A1I0DL10	A0A1I0DL10
994	A0A1I0DL10	W9AHF5	A0A1I0DL10	A0A1I0DL10
995	A0A1I0DL10	A0A1H1BWC1	A0A1I0DL10	A0A1I0DL10
996	A0A1I0DL10	N4WBM4	A0A1I0DL10	A0A1I0DL10
997	A0A1I0DL10	A0A852UPA4	A0A1I0DL10	A0A1I0DL10
998	A0A1I0DL10	Q03415	A0A1I0DL10	A0A1I0DL10
999	A0A1I0DL10	A0A1T5FFL5	A0A1I0DL10	A0A1I0DL10
1000	A0A1I0DL10	A0A2S5CUN3	A0A1I0DL10	A0A1I0DL10
1001	A0A1I0DL10	A0A2A9CI77	A0A1I0DL10	A0A1I0DL10
1002	A0A1I0DL10	R7ZAP0	A0A1I0DL10	A0A1I0DL10
1003	A0A1I0DL10	A0A1I0VFX2	A0A1I0DL10	A0A1I0DL10
1004	A0A1I0DL10	K6CUT2	A0A1I0DL10	A0A1I0DL10
1005	A0A1I0DL10	A0A072NN92	A0A1I0DL10	A0A1I0DL10
1006	A0A1I0DL10	A0A1I4IPR4	A0A1I0DL10	A0A1I0DL10
1007	A0A1I0DL10	A0A1I1V2S0	A0A1I0DL10	A0A1I0DL10
1008	A0A1I0DL10	W4VF76	A0A1I0DL10	A0A1I0DL10
1009	A0A1I0DL10	A0A5Q2N741	A0A1I0DL10	A0A1I0DL10
1010	A0A1I0DL10	A0A368XIR2	A0A1I0DL10	A0A1I0DL10
1011	A0A1I0DL10	A0A1M7PY33	A0A1I0DL10	A0A1I0DL10
1012	A0A1I0DL10	A0A1G8WUP1	A0A1I0DL10	A0A1I0DL10
1013	A0A1I0DL10	A0A841RL06	A0A1I0DL10	A0A1I0DL10
1014	A0A1I0DL10	A0A1M5CKY2	A0A1I0DL10	A0A1I0DL10
1015	A0A1I0DL10	A0A561CZ37	A0A1I0DL10	A0A1I0DL10
1016	A0A1I0DL10	A0A1H9NWM4	A0A1I0DL10	A0A1I0DL10
1017	A0A1I0DL10	D3FTN6	A0A1I0DL10	A0A1I0DL10
1018	A0A1I0DL10	L5NFE9	A0A1I0DL10	A0A1I0DL10
1019	A0A1I0DL10	A0A1I3XVR6	A0A1I0DL10	A0A1I0DL10
1020	A0A1I0DL10	A0A1H0S7C2	A0A1I0DL10	A0A1I0DL10
1021	A0A1I0DL10	A0A024P518	A0A1I0DL10	A0A1I0DL10
1022	A0A1I0DL10	I0JJQ9	A0A1I0DL10	A0A1I0DL10
1023	A0A1I0DL10	A0A1I2TFG7	A0A1I0DL10	A0A1I0DL10
1024	A0A1I0DL10	A0A1H3YWN1	A0A1I0DL10	A0A1I0DL10
1025	A0A1I0DL10	W1SBK2	A0A1I0DL10	A0A1I0DL10
1026	A0A1I0DL10	A0A3Q9RJY4	A0A1I0DL10	A0A1I0DL10
1027	A0A1I0DL10	A0A3N5BGA6	A0A1I0DL10	A0A1I0DL10
1028	A0A1I0DL10	A0A1H8ZLC7	A0A1I0DL10	A0A1I0DL10
1029	A0A1I0DL10	A0A1H0CPS7	A0A1I0DL10	A0A1I0DL10
1030	A0A1I0DL10	A0A024QBE7	A0A1I0DL10	A0A1I0DL10
1031	A0A1I0DL10	A0A1G8VRU2	A0A1I0DL10	A0A1I0DL10
1032	A0A1I6KYN6	A0A1I6KYN6	A0A354HLF6	A0A1I6KYN6
1033	A0A841RQA6	A0A841RQA6	A0A841RQA6	A0A841RQA6
1034	A0A1U7M8N9	A0A1U7M8N9	A0A1U7M8N9	A0A1U7M8N9
1035	A0A259UKL0	A0A259UKL0	A0A348AMN4	A0A259UKL0
1036	A0A259UKL0	A0A259UA47	A0A348AMN4	A0A259UKL0
1037	A0A259UKL0	A0A212LTD2	A0A348AMN4	A0A259UKL0
1038	A0A259UKL0	A0A348ANV7	A0A348AMN4	A0A259UKL0
1039	A0A259UKL0	A0A173WBD2	A0A348AMN4	A0A259UKL0
1040	A0A259UKL0	A0A239TQ27	A0A348AMN4	A0A259UKL0
1041	A0A6N7B1P8	A0A6N7B1P8	A0A348AMN4	A0A6N7B1P8
1042	C3JB20	C3JB20	C3JB20	C3JB20
1043	A0A2S5D4Q5	A0A2S5D4Q5	A0A1U7M8N9	A0A2S5D4Q5
1044	A0A4Y7RJ07	A0A4Y7RJ07	A0A1V5Q709	A0A4Y7RJ07
1045	A0A6N3A346	A0A6N3A346	A0A259UIB8	A0A6N3A346
1046	G8S0L0	G8S0L0	G8S0L0	G8S0L0
1047	A0A2R3JMM1	A0A2R3JMM1	A0A348AMB8	A0A2R3JMM1
1048	A0A2R3JMM1	A0A2I0YSV2	A0A348AMB8	A0A2R3JMM1
1049	A0A2R3JMM1	A0A2R3JVC2	A0A348AMB8	A0A2R3JMM1
1050	A0A2R3JMM1	A0A837NGG0	A0A348AMB8	A0A2R3JMM1
1051	A0A2R3JMM1	A0A199QLE6	A0A348AMB8	A0A2R3JMM1
1052	A0A2R3JMM1	A0A660E9L2	A0A348AMB8	A0A2R3JMM1
1053	A0A928PTA1	A0A928PTA1		
1054	A0A928PTA1	A0A3D5TKR5		
1055	A0A928PTA1	A0A970U5P3		
1056	A0A0B0HUJ2	A0A0B0HUJ2	A0A0B0HUJ2	A0A0B0HUJ2
1057	A0A0B0HUJ2	A0A8D3WX05	A0A0B0HUJ2	A0A0B0HUJ2
1058	A0A0M6Y3I1	A0A0M6Y3I1	C0ZCP7	A0A0M6Y3I1
1059	A0A0M6Y3I1	A0A2C9D077	C0ZCP7	A0A0M6Y3I1
1060	A0A0M6Y3I1	A0A0M6ZUG8	C0ZCP7	A0A0M6Y3I1
1061	A0A1C5PVP3	A0A1C5PVP3	A0A1V5LKA0	A0A1C5PVP3
1062	A0A1V5N1S3	A0A1V5N1S3	A0A1V5YPB2	A0A1V5N1S3
1063	A0A2K9IWA9	A0A2K9IWA9	A0A348AMB8	A0A2K9IWA9
1064	A0A2K9IWA9	W9AHW1	A0A348AMB8	A0A2K9IWA9
1065	A0A2K9IWA9	A0A024Q709	A0A348AMB8	A0A2K9IWA9
1066	A0A2K9IWA9	A0A8J2ZQ15	A0A348AMB8	A0A2K9IWA9
1067	A0A2K9IWA9	A0A919X596	A0A348AMB8	A0A2K9IWA9
1068	A0A2K9IWA9	A0A511ZQ48	A0A348AMB8	A0A2K9IWA9
1069	A0A2K9IWA9	A0A0A1MP10	A0A348AMB8	A0A2K9IWA9
1070	A0A2K9IWA9	A0A916RQ13	A0A348AMB8	A0A2K9IWA9
1071	A0A2K9IWA9	A0A917PTZ4	A0A348AMB8	A0A2K9IWA9
1072	A0A2K9IWA9	A0A917EYR8	A0A348AMB8	A0A2K9IWA9
1073	A0A2K9IWA9	A0A024P3D8	A0A348AMB8	A0A2K9IWA9
1074	A0A2K9IWA9	A0A917HQU1	A0A348AMB8	A0A2K9IWA9
1075	A0A2K9IWA9	A0A511WPP4	A0A348AMB8	A0A2K9IWA9
1076	A0A2K9IWA9	I3E8S5	A0A348AMB8	A0A2K9IWA9
1077	A0A2K9IWA9	A0A6F8TS56	A0A348AMB8	A0A2K9IWA9
1078	A0A2K9IWA9	A0A919X8C0	A0A348AMB8	A0A2K9IWA9
1079	A0A2Z2NI95	A0A2Z2NI95	A0A1V5YPB2	A0A2Z2NI95
1080	A0A4U8Q2P8	A0A4U8Q2P8	A0A348AMN4	A0A4U8Q2P8
1081	A0A5P9HLP1	A0A5P9HLP1	A0A259UIB8	A0A5P9HLP1
1082	R6VVK0	R6VVK0	A0A1I3GQ51	R6VVK0
1083	A0A846MCS6	A0A846MCS6	R7C958	A0A846MCS6
1084	A0A7U9RE39	A0A7U9RE39	A0A259UPD7	A0A7U9RE39
1085	A0A166IG42	A0A166IG42	A0A166IG42	A0A166IG42
1086	A0A379E877	A0A379E877	A0A379E877	A0A379E877
1087	A0A379E877	A0A379DHS9	A0A379E877	A0A379E877
1088	A0A0W1KLI1	A0A0W1KLI1	A0A239VVM8	A0A0W1KLI1
1089	A0A0W1KLI1	A0A380MAT3	A0A239VVM8	A0A0W1KLI1
1090	A0A1C5KNH6	A0A1C5KNH6	A0A1C5KNH6	A0A1C5KNH6
1091	A0A1C5KNH6	A0A174N6D9	A0A1C5KNH6	A0A1C5KNH6
1092	A0A1C5KNH6	A0A174R579	A0A1C5KNH6	A0A1C5KNH6
1093	A0A1C5KNH6	A0A174VJ40	A0A1C5KNH6	A0A1C5KNH6
1094	A0A1C5KNH6	A0A1C5Q0B8	A0A1C5KNH6	A0A1C5KNH6
1095	A0A1C5KNH6	A0A1C5YRA5	A0A1C5KNH6	A0A1C5KNH6
1096	A0A1C5KNH6	A0A174F2M5	A0A1C5KNH6	A0A1C5KNH6
1097	A0A1V5DKK7	A0A1V5DKK7	A0A2Z5SIZ2	A0A1V5DKK7
1098	A0A1V5DKK7	A0A1V5C642	A0A2Z5SIZ2	A0A1V5DKK7
1099	A0A1V5DKK7	A0A1V5CPL6	A0A2Z5SIZ2	A0A1V5DKK7
1100	A0A1V5DKK7	A0A1V6IK87	A0A2Z5SIZ2	A0A1V5DKK7
1101	A0A1V5DKK7	A0A1V4WXU4	A0A2Z5SIZ2	A0A1V5DKK7
1102	A0A1V5DKK7	A0A1V4WUU8	A0A2Z5SIZ2	A0A1V5DKK7
1103	A0A1V5DKK7	A0A1V5C9Y8	A0A2Z5SIZ2	A0A1V5DKK7
1104	A0A2S9Y483	A0A2S9Y483	A0A2S9Y483	A0A2S9Y483
1105	A0A7U9RW63	A0A7U9RW63	A0A1Y6AQ80	A0A7U9RW63
1106	A0A173SQ00	A0A173SQ00	A0A1Y6AQ80	A0A173SQ00
1107	A0A173SQ00	A0A173XJ87	A0A1Y6AQ80	A0A173SQ00
1108	A0A173SQ00	A0A174MFZ4	A0A1Y6AQ80	A0A173SQ00
1109	A0A259UPD7	A0A259UPD7	A0A259UPD7	A0A259UPD7
1110	A0A259UPD7	A0A348AEV1	A0A259UPD7	A0A259UPD7
1111	A0A259UPD7	A0A259ULV1	A0A259UPD7	A0A259UPD7
1112	A0A259UPD7	A0A402BSX8	A0A259UPD7	A0A259UPD7
1113	A0A259UPD7	A0A517DW27	A0A259UPD7	A0A259UPD7
1114	A0A388PTQ8	A0A388PTQ8	A0A259UPD7	A0A388PTQ8
1115	V4YL22	V4YL22	A0A259UPD7	V4YL22
1116	A0A132HN74	A0A132HN74	A0A132HN74	A0A132HN74
1117	A0A132HN74	C5C6Z4	A0A132HN74	A0A132HN74
1118	A0A2U3N4J8	A0A2U3N4J8		
1119	A0A508YJ95	A0A508YJ95	A0A829ZMP2	A0A508YJ95
1120	M7NHB2	M7NHB2	A0A1G8SQW0	M7NHB2
1121	A0A3D2HNQ3	A0A3D2HNQ3	A0A354HLF6	A0A3D2HNQ3
1122	A0A3D2HNQ3	A0A3C1CVP8	A0A354HLF6	A0A3D2HNQ3
1123	A0A3D2HNQ3	A0A3D0X651	A0A354HLF6	A0A3D2HNQ3
1124	A0A3D2HNQ3	A0A355TWJ6	A0A354HLF6	A0A3D2HNQ3
1125	A0A3D2HNQ3	A0A2N0UI41	A0A354HLF6	A0A3D2HNQ3
1126	A0A3D2HNQ3	A0A2N0UYX4	A0A354HLF6	A0A3D2HNQ3
1127	A0A3D2HNQ3	A0A3D2QTT4	A0A354HLF6	A0A3D2HNQ3
1128	A0A3D2HNQ3	A0A1C6HWL1	A0A354HLF6	A0A3D2HNQ3
1129	A0A3D2HNQ3	A0A373KNM1	A0A354HLF6	A0A3D2HNQ3
1130	A0A3D2HNQ3	A0A373KS91	A0A354HLF6	A0A3D2HNQ3
1131	A0A3D2HNQ3	A0A374N0C0	A0A354HLF6	A0A3D2HNQ3
1132	A0A3D2HNQ3	A0A374UMR1	A0A354HLF6	A0A3D2HNQ3
1133	A0A3D2HNQ3	A0A412DTU4	A0A354HLF6	A0A3D2HNQ3
1134	A0A3D2HNQ3	A0A412L9N7	A0A354HLF6	A0A3D2HNQ3
1135	A0A4Y8IGZ6	A0A4Y8IGZ6	A0A410WPK4	A0A4Y8IGZ6
1136	A0A4Y8IGZ6	A0A1H0BU55	A0A410WPK4	A0A4Y8IGZ6
1137	R7ITK9	R7ITK9		
1138	R7ITK9	R6YTV6		
1139	R7ITK9	R7GGL2		
1140	A0A0B0ICE3	A0A0B0ICE3	A0A0B0ICE3	A0A0B0ICE3
1141	A0A0M7BHA5	A0A0M7BHA5	C0ZCP7	A0A0M7BHA5
1142	A0A0M7BHA5	A0A0M6XNK8	C0ZCP7	A0A0M7BHA5
1143	A0A0M7BHA5	A0A0M6YGY7	C0ZCP7	A0A0M7BHA5
1144	A0A0M7BHA5	A0A0P1EXJ2	C0ZCP7	A0A0M7BHA5
1145	A0A136JTC9	A0A136JTC9	A0A136JTC9	A0A136JTC9
1146	A0A136JTC9	A0A136JTG6	A0A136JTC9	A0A136JTC9
1147	A0A1C6H3I5	A0A1C6H3I5	R5E8N9	A0A1C6H3I5
1148	A0A1C6H3I5	A0A1C6GQL8	R5E8N9	A0A1C6H3I5
1149	A0A1C6H3I5	A0A143Y3F3	R5E8N9	A0A1C6H3I5
1150	A0A1C6H3I5	A0A173TWP3	R5E8N9	A0A1C6H3I5
1151	A0A1V5Q315	A0A1V5Q315	C0ZCP7	A0A1V5Q315
1152	A0A2M9V3Z7	A0A2M9V3Z7	A0A1V5LKA0	A0A2M9V3Z7
1153	A0A2M9V3Z7	A0A6N2W4T9	A0A1V5LKA0	A0A2M9V3Z7
1154	A0A2M9V3Z7	A0A108T752	A0A1V5LKA0	A0A2M9V3Z7
1155	A0A2M9V3Z7	A0A0P0FDA5	A0A1V5LKA0	A0A2M9V3Z7
1156	A0A2M9V3Z7	A0A0P0GID1	A0A1V5LKA0	A0A2M9V3Z7
1157	A0A2M9V3Z7	A0A1C5SRP4	A0A1V5LKA0	A0A2M9V3Z7
1158	A0A2M9V3Z7	A0A7J0A7V6	A0A1V5LKA0	A0A2M9V3Z7
1159	A0A328MZM0	A0A328MZM0	A0A348AMB8	A0A328MZM0
1160	A0A328MZM0	A0A810MPU0	A0A348AMB8	A0A328MZM0
1161	A0A328MZM0	A0A328NHS7	A0A348AMB8	A0A328MZM0
1162	A0A328MZM0	A0A3E2YLF3	A0A348AMB8	A0A328MZM0
1163	A0A328MZM0	A0A6V8K468	A0A348AMB8	A0A328MZM0
1164	A0A328MZM0	A0A2P8AVF0	A0A348AMB8	A0A328MZM0
1165	A0A4U8QLW8	A0A4U8QLW8	A0A6N2TU31	A0A4U8QLW8
1166	A0A6N4X477	A0A6N4X477	A0A1V5YPB2	A0A6N4X477
1167	A0A6N4X477	A0A448LNM2	A0A1V5YPB2	A0A6N4X477
1168	A0A6N4X477	A0A381FNH2	A0A1V5YPB2	A0A6N4X477
1169	A0A6N4X477	A0A381JRI8	A0A1V5YPB2	A0A6N4X477
1170	A0A6N4X477	A0A2X2X0R9	A0A1V5YPB2	A0A6N4X477
1171	A0A6N4X477	A0A4U8WEF7	A0A1V5YPB2	A0A6N4X477
1172	A0A6N4X477	A0A6N4XSY7	A0A1V5YPB2	A0A6N4X477
1173	A0A6N4X477	A0A1T3EBH4	A0A1V5YPB2	A0A6N4X477
1174	A0A6N4X477	A0A1A7KNR6	A0A1V5YPB2	A0A6N4X477
1175	A0A6N4X477	A0A3S4N4G2	A0A1V5YPB2	A0A6N4X477
1176	A0A6N4X477	A0A239XCD8	A0A1V5YPB2	A0A6N4X477
1177	A0A6N4X477	A0A1S7DSV7	A0A1V5YPB2	A0A6N4X477
1178	A0A6N4X477	A0A4V1AKT9	A0A1V5YPB2	A0A6N4X477
1179	A0A6N4X477	A0A448NS63	A0A1V5YPB2	A0A6N4X477
1180	M7NQY8	M7NQY8	A0A1V5YPB2	M7NQY8
1181	R7HVK1	R7HVK1	R7HVK1	R7HVK1
1182	A0A1H0WTU6	A0A1H0WTU6	A0A0P8W7Z2	A0A1H0WTU6
1183	A0A1H0WTU6	A0A1I6AQI5	A0A0P8W7Z2	A0A1H0WTU6
1184	A0A1H0WTU6	A0A1Y6F093	A0A0P8W7Z2	A0A1H0WTU6
1185	A0A1H0WTU6	A0A561CFQ3	A0A0P8W7Z2	A0A1H0WTU6
1186	A0A1H0WTU6	A0A852TD77	A0A0P8W7Z2	A0A1H0WTU6
1187	A0A1H0WTU6	A0A561D8T5	A0A0P8W7Z2	A0A1H0WTU6
1188	A0A1H0WTU6	A0A1I1F6F2	A0A0P8W7Z2	A0A1H0WTU6
1189	A0A1H0WTU6	A0A0D0FND7	A0A0P8W7Z2	A0A1H0WTU6
1190	A0A1H0WTU6	A0A0D0EWW0	A0A0P8W7Z2	A0A1H0WTU6
1191	A0A7U9SHV5	A0A7U9SHV5	A0A7U9SHV5	A0A7U9SHV5
1192	A0A7U9SHV5	A0A1C5XV24	A0A7U9SHV5	A0A7U9SHV5
1193	A0A1V4VXS9	A0A1V4VXS9	A0A1V4VXS9	A0A1V4VXS9
1194	A0A1V4VXS9	A0A4Y7RB34	A0A1V4VXS9	A0A1V4VXS9
1195	A0A3P8KH75	A0A3P8KH75	A0A0J6VLZ1	A0A3P8KH75
1196	A0A132I0H7	A0A132I0H7	A0A6V8LYJ9	A0A132I0H7
1197	A0A132I0H7	A0A378NMA0	A0A6V8LYJ9	A0A132I0H7
1198	A0A132I0H7	A0A7Z7P8C5	A0A6V8LYJ9	A0A132I0H7
1199	A0A132I0H7	A0A653J3P4	A0A6V8LYJ9	A0A132I0H7
1200	A0A1V5HWU4	A0A1V5HWU4	L8DHP6	A0A1V5HWU4
1201	A0A559UND0	A0A559UND0	A0A1I0DL10	A0A559UND0
1202	A0A970N7P1	A0A970N7P1		
1203	A0A970N7P1	A0A970FUE6		
1204	A0A970N7P1	A0A357WRL2		
1205	A0A970N7P1	A0A316P6S0		
1206	A0A971NJL2	A0A971NJL2		
1207	S7VHP7	S7VHP7	S7VHP7	S7VHP7
1208	A0A1V5XFJ6	A0A1V5XFJ6	A0A354HLF6	A0A1V5XFJ6
1209	A0A348AMB8	A0A348AMB8	A0A348AMB8	A0A348AMB8
1210	A0A6N7B0I0	A0A6N7B0I0	A0A0P8W7Z2	A0A6N7B0I0
1211	A0A174ZGT3	A0A174ZGT3	A0A174ZGT3	A0A174ZGT3
1212	A0A2K4ZQP4	A0A2K4ZQP4	A0A2K4ZQP4	A0A2K4ZQP4
1213	A0A7Z0VHT7	A0A7Z0VHT7	L8DHP6	A0A7Z0VHT7
1214	A0A084H117	A0A084H117	A0A1U7M8N9	A0A084H117
1215	A0A084H117	A0A0M0KF79	A0A1U7M8N9	A0A084H117
1216	A0A084H117	A0A0M2PCH6	A0A1U7M8N9	A0A084H117
1217	A0A084H117	A0A1L3MQX6	A0A1U7M8N9	A0A084H117
1218	A0A084H117	A0A0V8JNZ3	A0A1U7M8N9	A0A084H117
1219	A0A084H117	A0A0L1LSW1	A0A1U7M8N9	A0A084H117
1220	A0A084H117	A0A179SV92	A0A1U7M8N9	A0A084H117
1221	A0A084H117	A0A1X7FT98	A0A1U7M8N9	A0A084H117
1222	A0A084H117	A0A163Z314	A0A1U7M8N9	A0A084H117
1223	A0A084H117	A0A559UJ42	A0A1U7M8N9	A0A084H117
1224	A0A1V5RMR7	A0A1V5RMR7	A0A562JGS4	A0A1V5RMR7
1225	A0A564W7U7	A0A564W7U7	A0A564W7U7	A0A564W7U7
1226	A0A564W7U7	A0A2K4ZD75	A0A564W7U7	A0A564W7U7
1227	A0A1C3RCD0	A0A1C3RCD0	A0A1V5Q709	A0A1C3RCD0
1228	V7PZ44	V7PZ44	V7PZ44	V7PZ44
1229	A0A1C5SKU4	A0A1C5SKU4	A0A6V8LYJ9	A0A1C5SKU4
1230	A0A1V5Y434	A0A1V5Y434	A0A1V5LKA0	A0A1V5Y434
1231	A0A369QGF4	A0A369QGF4	A0A1V5YPB2	A0A369QGF4
1232	A0A3P5WL68	A0A3P5WL68	A0A348AMB8	A0A3P5WL68
1233	A0A3P5WL68	A0A511Z9R6	A0A348AMB8	A0A3P5WL68
1234	A0A7L4ZEX7	A0A7L4ZEX7	A0A7L4ZEX7	A0A7L4ZEX7
1235	A0A7L4ZEX7	A0A8T9DWY8	A0A7L4ZEX7	A0A7L4ZEX7
1236	A0A7L4ZEX7	A0A385BU75	A0A7L4ZEX7	A0A7L4ZEX7
1237	A0A1A6AKX1	A0A1A6AKX1		
1238	A0A1V5U177	A0A1V5U177	A0A6N2TU31	A0A1V5U177
1239	A0A2K9E0S4	A0A2K9E0S4	A0A1V5LKA0	A0A2K9E0S4
1240	A0A1H9PQ19	A0A1H9PQ19	A0A0P8W7Z2	A0A1H9PQ19
1241	A0A1H9PQ19	A0A1H9G4G2	A0A0P8W7Z2	A0A1H9PQ19
1242	A0A1H9PQ19	A0A1M6BA32	A0A0P8W7Z2	A0A1H9PQ19
1243	A0A841EPG5	A0A841EPG5	V9GE64	A0A841EPG5
1244	A0A841EPG5	W4B054	V9GE64	A0A841EPG5
1245	A0A841EPG5	A0A7Z7G2G4	V9GE64	A0A841EPG5
1246	A0A841EPG5	A0A2W0CJW2	V9GE64	A0A841EPG5
1247	A0A841EPG5	A0A2V4WA24	V9GE64	A0A841EPG5
1248	A0A841EPG5	A0A100VJ97	V9GE64	A0A841EPG5
1249	A0A841EPG5	A0A2M9MPH8	V9GE64	A0A841EPG5
1250	A0A841EPG5	A0A3N6CAZ5	V9GE64	A0A841EPG5
1251	A0A841EPG5	A0A855Y176	V9GE64	A0A841EPG5
1252	A0A841EPG5	A0A1G5IFD4	V9GE64	A0A841EPG5
1253	A0A841EPG5	A0A1G6Q1J7	V9GE64	A0A841EPG5
1254	A0A841EPG5	A0A1H3YX95	V9GE64	A0A841EPG5
1255	A0A841EPG5	A0A1H7RDY5	V9GE64	A0A841EPG5
1256	A0A7U9MXQ8	A0A7U9MXQ8	A0A1Y6AQ80	A0A7U9MXQ8
1257	A0A140L960	A0A140L960	A0A1V5LKA0	A0A140L960
1258	A0A6J4GK14	A0A6J4GK14	A0A259UPD7	A0A6J4GK14
1259	A0A6J4GK14	A0A0X7BAL7	A0A259UPD7	A0A6J4GK14
1260	A0A917ET50	A0A917ET50		
1261	A0A917ET50	I0JQV7		
1262	A0A285URD1	A0A285URD1	A0A1U7M8N9	A0A285URD1
1263	A0A285URD1	A0A285TJT8	A0A1U7M8N9	A0A285URD1
1264	A0A285URD1	A0A0B0IHH8	A0A1U7M8N9	A0A285URD1
1265	A0A285URD1	A0A4R2BL39	A0A1U7M8N9	A0A285URD1
1266	A0A285URD1	U5L9M4	A0A1U7M8N9	A0A285URD1
1267	A0A285URD1	A0A562JCA3	A0A1U7M8N9	A0A285URD1
1268	A0A285URD1	A0A366JQH0	A0A1U7M8N9	A0A285URD1
1269	A0A285URD1	A0A1H8EXS6	A0A1U7M8N9	A0A285URD1
1270	A0A919WN25	A0A919WN25		
1271	A0A2M8TZZ9	A0A2M8TZZ9	A0A2M8TZZ9	A0A2M8TZZ9
1272	A0A349QQV8	A0A349QQV8	A0A1I0DL10	A0A349QQV8
1273	A0A349QQV8	A0A6N3F099	A0A1I0DL10	A0A349QQV8
1274	A0A349QQV8	A0A173SDE8	A0A1I0DL10	A0A349QQV8
1275	A0A349QQV8	A0A350S201	A0A1I0DL10	A0A349QQV8
1276	A0A349QQV8	A0A3C2DWB0	A0A1I0DL10	A0A349QQV8
1277	A0A349QQV8	A0A3D2GBA7	A0A1I0DL10	A0A349QQV8
1278	A0A349QQV8	A0A1C5QEF8	A0A1I0DL10	A0A349QQV8
1279	A0A349QQV8	A0A3D2PX99	A0A1I0DL10	A0A349QQV8
1280	A0A349QQV8	A0A358PT18	A0A1I0DL10	A0A349QQV8
1281	A0A349QQV8	A0A1Q6SLD7	A0A1I0DL10	A0A349QQV8
1282	A0A349QQV8	A0A3D5LLX7	A0A1I0DL10	A0A349QQV8
1283	A0A349QQV8	A0A7U9WZ47	A0A1I0DL10	A0A349QQV8
1284	A0A349QQV8	A0A351R3V3	A0A1I0DL10	A0A349QQV8
1285	A0A349QQV8	A0A0M6WWS7	A0A1I0DL10	A0A349QQV8
1286	A0A349QQV8	A0A173SB35	A0A1I0DL10	A0A349QQV8
1287	A0A349QQV8	A0A357B1L4	A0A1I0DL10	A0A349QQV8
1288	A0A349QQV8	A0A2V2CS49	A0A1I0DL10	A0A349QQV8
1289	A0A349QQV8	A0A174G463	A0A1I0DL10	A0A349QQV8
1290	A0A349QQV8	A0A3D4Y6H0	A0A1I0DL10	A0A349QQV8
1291	A0A349QQV8	G2SX75	A0A1I0DL10	A0A349QQV8
1292	A0A349QQV8	A0A1Q6TG45	A0A1I0DL10	A0A349QQV8
1293	A0A4R1N543	A0A4R1N543	A0A4R1N543	A0A4R1N543
1294	R6PMA1	R6PMA1	R6MIH8	R6PMA1
1295	A0A1C6ADJ8	A0A1C6ADJ8	A0A259UPD7	A0A1C6ADJ8
1296	A0A4V3CSG6	A0A4V3CSG6	A0A0P8W7Z2	A0A4V3CSG6
1297	Q736M3	Q736M3	A0A348AMB8	Q736M3
1298	Q736M3	J8IMQ4	A0A348AMB8	Q736M3
1299	Q736M3	A0A090YKG8	A0A348AMB8	Q736M3
1300	Q736M3	A0A1Y6AJR7	A0A348AMB8	Q736M3
1301	Q736M3	A0A1Y6AWI1	A0A348AMB8	Q736M3
1302	Q736M3	A0A2P0HF70	A0A348AMB8	Q736M3
1303	Q736M3	A0A1B1L6V9	A0A348AMB8	Q736M3
1304	Q736M3	A0A2S9XVU2	A0A348AMB8	Q736M3
1305	Q736M3	A0A806TQ60	A0A348AMB8	Q736M3
1306	Q736M3	A0A024Q7X5	A0A348AMB8	Q736M3
1307	A0A143Q8D1	A0A143Q8D1	A0A0J6VLZ1	A0A143Q8D1
1308	A0A1S8P0B0	A0A1S8P0B0	A0A1Y6AQ80	A0A1S8P0B0
1309	A0A1S8P0B0	A0A1S8QVH8	A0A1Y6AQ80	A0A1S8P0B0
1310	A0A1S8P0B0	A0A1S8RVE6	A0A1Y6AQ80	A0A1S8P0B0
1311	A0A1S8P0B0	A0A1S8SBL5	A0A1Y6AQ80	A0A1S8P0B0
1312	A0A1S8P0B0	A0A1S8NWX3	A0A1Y6AQ80	A0A1S8P0B0
1313	A0A1S8P0B0	A0A653ARH4	A0A1Y6AQ80	A0A1S8P0B0
1314	A0A378Q7Y3	A0A378Q7Y3	L8DHP6	A0A378Q7Y3
1315	A0A378Q7Y3	A0A378Q1P0	L8DHP6	A0A378Q7Y3
1316	A0A6N3BHG0	A0A6N3BHG0	A0A1U7M8N9	A0A6N3BHG0
1317	UPI001BDB9821	UPI001BDB9821		
1318	UPI001BDB9821	A0A8G0TN23		
1319	UPI001BDB9821	UPI0004649A92		
1320	UPI001BDB9821	UPI0009F7343A		
1321	UPI001BDB9821	UPI001293C30E		
1322	UPI001BDB9821	UPI0022807482		
1323	UPI001BDB9821	A0A8G0WK54		
1324	UPI001BDB9821	UPI0004679F71		
1325	UPI001BDB9821	UPI000ACC93C1		
1326	UPI001BDB9821	UPI00137484FB		
1327	UPI001BDB9821	UPI002280A9D8		
1328	UPI001BDB9821	A0A6A8FPK7		
1329	UPI001BDB9821	UPI000493F016		
1330	UPI001BDB9821	UPI000B3E49FD		
1331	UPI001BDB9821	UPI0013783F42		
1332	UPI001BDB9821	UPI002280E66F		
1333	UPI001BDB9821	UPI0004946308		
1334	UPI001BDB9821	UPI000B42DF4B		
1335	UPI001BDB9821	UPI0013BA2BEA		
1336	UPI001BDB9821	UPI0022814A49		
1337	UPI001BDB9821	A0A6H0WSD3		
1338	UPI001BDB9821	UPI00049F76D6		
1339	UPI001BDB9821	UPI000B443AAC		
1340	UPI001BDB9821	UPI0013D00892		
1341	UPI001BDB9821	UPI0022815E9D		
1342	UPI001BDB9821	A0A6H2JVI1		
1343	UPI001BDB9821	UPI0004CFD86E		
1344	UPI001BDB9821	UPI000B52EECE		
1345	UPI001BDB9821	UPI0013D16301		
1346	UPI001BDB9821	UPI0022818CAC		
1347	UPI001BDB9821	UPI000516E55C		
1348	UPI001BDB9821	UPI000BA8553F		
1349	UPI001BDB9821	UPI00178CAB6D		
1350	UPI001BDB9821	UPI0022820454		
1351	UPI001BDB9821	UPI00056F566C		
1352	UPI001BDB9821	UPI000C77A590		
1353	UPI001BDB9821	UPI0022820F59		
1354	UPI001BDB9821	UPI000589D2F9		
1355	UPI001BDB9821	UPI000C9EEC13		
1356	UPI001BDB9821	UPI001BDB9C6D		
1357	UPI001BDB9821	UPI0022821518		
1358	UPI001BDB9821	UPI0005974F89		
1359	UPI001BDB9821	UPI000CD09DF8		
1360	UPI001BDB9821	UPI001BDBA3BA		
1361	UPI001BDB9821	UPI0022826123		
1362	UPI001BDB9821	UPI00059DF5E3		
1363	UPI001BDB9821	UPI000CDA6085		
1364	UPI001BDB9821	UPI001BDBAE37		
1365	UPI001BDB9821	UPI002282704F		
1366	UPI001BDB9821	A0A164YHE1		
1367	UPI001BDB9821	UPI0005A13DEE		
1368	UPI001BDB9821	UPI000CDA693A		
1369	UPI001BDB9821	UPI001CDCD0C5		
1370	UPI001BDB9821	UPI0022827E05		
1371	UPI001BDB9821	D9I2X1		
1372	UPI001BDB9821	UPI0005A4B94F		
1373	UPI001BDB9821	UPI000D777A7F		
1374	UPI001BDB9821	UPI001E554A75		
1375	UPI001BDB9821	UPI0022829E52		
1376	UPI001BDB9821	E0U4Y9		
1377	UPI001BDB9821	UPI0005B669D6		
1378	UPI001BDB9821	UPI000E2F7ABF		
1379	UPI001BDB9821	UPI001E633981		
1380	UPI001BDB9821	UPI0022AA0C16		
1381	UPI001BDB9821	UPI0005C79CE7		
1382	UPI001BDB9821	UPI000E721E70		
1383	UPI001BDB9821	UPI001EE09278		
1384	UPI001BDB9821	G4P1I6		
1385	UPI001BDB9821	UPI00065D4A9B		
1386	UPI001BDB9821	UPI000E7329F2		
1387	UPI001BDB9821	UPI001FD8A655		
1388	UPI001BDB9821	UPI000670C5C7		
1389	UPI001BDB9821	UPI000F096D61		
1390	UPI001BDB9821	UPI00202A5E4F		
1391	UPI001BDB9821	UPI000683E4AC		
1392	UPI001BDB9821	UPI000F48C209		
1393	UPI001BDB9821	UPI00202AEE24		
1394	UPI001BDB9821	UPI00069FAEAB		
1395	UPI001BDB9821	UPI000F5261DA		
1396	UPI001BDB9821	UPI00202B276E		
1397	UPI001BDB9821	UPI0006A80776		
1398	UPI001BDB9821	UPI000F5290EB		
1399	UPI001BDB9821	UPI00203FE57C		
1400	UPI001BDB9821	UPI000745D6BE		
1401	UPI001BDB9821	UPI000F543356		
1402	UPI001BDB9821	UPI0020B33D17		
1403	UPI001BDB9821	M4KWM6		
1404	UPI001BDB9821	UPI00086B51F1		
1405	UPI001BDB9821	UPI000F63D0B6		
1406	UPI001BDB9821	UPI0020B42058		
1407	UPI001BDB9821	UPI00089E02E9		
1408	UPI001BDB9821	UPI0010099A0F		
1409	UPI001BDB9821	UPI002116E6B1		
1410	UPI001BDB9821	UPI000932BB62		
1411	UPI001BDB9821	UPI00103AB842		
1412	UPI001BDB9821	UPI0021C84FAB		
1413	UPI001BDB9821	UPI000932DB22		
1414	UPI001BDB9821	UPI00105F0AE2		
1415	UPI001BDB9821	UPI00227D9AB6		
1416	UPI001BDB9821	UPI0009529A1A		
1417	UPI001BDB9821	UPI0010634B49		
1418	UPI001BDB9821	UPI00227E2780		
1419	UPI001BDB9821	P96740		
1420	UPI001BDB9821	UPI000970A346		
1421	UPI001BDB9821	UPI001066ADF0		
1422	UPI001BDB9821	UPI00227E3695		
1423	UPI001BDB9821	UPI0009B305BC		
1424	UPI001BDB9821	UPI001150F02D		
1425	UPI001BDB9821	UPI00227ECBD2		
1426	UPI001BDB9821	A0A8D5WFY9		
1427	UPI001BDB9821	UPI0009B51D35		
1428	UPI001BDB9821	UPI0011A078B2		
1429	UPI001BDB9821	UPI00227F6679		
1430	UPI001BDB9821	UPI0009B547DC		
1431	UPI001BDB9821	UPI0011C9B9A7		
1432	UPI001BDB9821	UPI00228023C3		
1433	UPI001BDB9821	A0A8F7SM63		
1434	UPI001BDB9821	UPI00022BB1F2		
1435	UPI001BDB9821	UPI0009B5599B		
1436	UPI001BDB9821	UPI0011DCA035		
1437	UPI001BDB9821	UPI002280504B		
1438	UPI001BDB9821	A0A8F9X3R1		
1439	UPI001BDB9821	UPI0002A14634		
1440	UPI001BDB9821	UPI0009F5A88F		
1441	UPI001BDB9821	UPI0011E8E255		
1442	UPI001BDB9821	UPI00228070D2		
1443	UPI001BDB9821	E9NPA6		
1444	UPI001BDB9821	I2HW05		
1445	UPI001BDB9821	A0A7W4LV96		
1446	UPI001BDB9821	A0A4V7TTP2		
1447	UPI001BDB9821	S6FKS7		
1448	UPI001BDB9821	A0A8B5YHC2		
1449	UPI001BDB9821	A0A6C1VQR4		
1450	UPI001BDB9821	A0A7Z1B5S4		
1451	UPI001BDB9821	M5NZY7		
1452	UPI001BDB9821	A0A1C3SKD6		
1453	UPI001BDB9821	Q0KG20		
1454	UPI001BDB9821	A0A8D4BIG3		
1455	UPI001BDB9821	A0A0B6AVY6		
1456	UPI001BDB9821	A0A806UC77		
1457	UPI001BDB9821	A0A5C0WI84		
1458	UPI001BDB9821	A0A498U217		
1459	UPI001BDB9821	M5RJH3		
1460	A0A0P9AH63	A0A0P9AH63	A0A829ZMP2	A0A0P9AH63
1461	A0A1V4XN89	A0A1V4XN89	A0A2Z5SIZ2	A0A1V4XN89
1462	A0A2H5WX43	A0A2H5WX43	A0A348AMB8	A0A2H5WX43
1463	A0A0B7MQS5	A0A0B7MQS5	A0A0B7MQS5	A0A0B7MQS5
1464	A0A2N2CPI6	A0A2N2CPI6	A0A0P8W7Z2	A0A2N2CPI6
1465	A0A2N2CPI6	A0A971CFW4	A0A0P8W7Z2	A0A2N2CPI6
1466	A0A4Y7RTG8	A0A4Y7RTG8	A0A1G8SQW0	A0A4Y7RTG8
1467	A0A6V7QZQ8	A0A6V7QZQ8	C0ZCP7	A0A6V7QZQ8
1468	A0A6V7QZQ8	A0A6V7R5V3	C0ZCP7	A0A6V7QZQ8
1469	A0A940NV69	A0A940NV69		
1470	A0A940NV69	A0A3B8NYU2		
1471	A0A0B0I7I5	A0A0B0I7I5	C0ZCP7	A0A0B0I7I5
1472	A0A0B0I7I5	A0A0B0I0E4	C0ZCP7	A0A0B0I7I5
1473	A0A120MYW0	A0A120MYW0	A0A1V5YPB2	A0A120MYW0
1474	A0A174QGN6	A0A174QGN6	A0A6V8LYJ9	A0A174QGN6
1475	A0A174QGN6	A0A564UDL0	A0A6V8LYJ9	A0A174QGN6
1476	A0A1C6FXM9	A0A1C6FXM9	A0A348AMB8	A0A1C6FXM9
1477	A0A1V5NVM4	A0A1V5NVM4	A0A1V5YPB2	A0A1V5NVM4
1478	A0A1Y2N617	A0A1Y2N617	A0A1V5LKA0	A0A1Y2N617
1479	A0A4U8Q5S6	A0A4U8Q5S6	A0A4U8Q5S6	A0A4U8Q5S6
1480	R7C958	R7C958	R7C958	R7C958
1481	A0A1I0IK82	A0A1I0IK82	V9GE64	A0A1I0IK82
1482	A0A1I0IK82	A0A1I6K6U8	V9GE64	A0A1I0IK82
1483	A0A7U9RTF9	A0A7U9RTF9	A0A7U9RTF9	A0A7U9RTF9
1484	A0A168FWE9	A0A168FWE9	A0A168FWE9	A0A168FWE9
1485	A0A168FWE9	A0A5P9QD35	A0A168FWE9	A0A168FWE9
1486	A0A1U7MJW2	A0A1U7MJW2	L8DHP6	A0A1U7MJW2
1487	A0A1U7MJW2	A0A259UVF4	L8DHP6	A0A1U7MJW2
1488	A0A1U7MJW2	A0A212LTT3	L8DHP6	A0A1U7MJW2
1489	A0A380NJE3	A0A380NJE3	A0A1U7M8N9	A0A380NJE3
1490	A0A6P2EXD0	A0A6P2EXD0	A0A259UPD7	A0A6P2EXD0
1491	A0A6P2EXD0	A0A6P2ELK7	A0A259UPD7	A0A6P2EXD0
1492	A0A6P2EXD0	A0A6P2F163	A0A259UPD7	A0A6P2EXD0
1493	A0A6P2EXD0	A0A6P2FDW0	A0A259UPD7	A0A6P2EXD0
1494	A0A6P2EXD0	W7X850	A0A259UPD7	A0A6P2EXD0
1495	A0A4Y7S7B8	A0A4Y7S7B8	A0A1C5VJV2	A0A4Y7S7B8
1496	A0A4Y7S7B8	A0A4Y7R8Q8	A0A1C5VJV2	A0A4Y7S7B8
1497	A0A6V7R5K0	A0A6V7R5K0	A0A829ZMP2	A0A6V7R5K0
1498	K1L129	K1L129	A0A1U7M8N9	K1L129
1499	A0A2R3JUC6	A0A2R3JUC6	A0A6N2TU31	A0A2R3JUC6
1500	A0A2R3JUC6	A0A151G0K1	A0A6N2TU31	A0A2R3JUC6
1501	A0A2R3JUC6	A0A837NKY6	A0A6N2TU31	A0A2R3JUC6
1502	A0A2R3JUC6	A0A1W6NRR5	A0A6N2TU31	A0A2R3JUC6
1503	A0A2R3JUC6	A0A2R3JLY8	A0A6N2TU31	A0A2R3JUC6
1504	A0A2R3JUC6	A0A370AB50	A0A6N2TU31	A0A2R3JUC6
1505	A0A2R3JUC6	A0A199QIH8	A0A6N2TU31	A0A2R3JUC6
1506	A0A2R3JUC6	A0A2S9VV53	A0A6N2TU31	A0A2R3JUC6
1507	A0A0B0I952	A0A0B0I952	R6MIH8	A0A0B0I952
1508	A0A173S7J0	A0A173S7J0	R7HVK1	A0A173S7J0
1509	A0A1C5Q6A7	A0A1C5Q6A7	A0A136JTC9	A0A1C5Q6A7
1510	A0A1S1V641	A0A1S1V641	A0A1Y6AQ80	A0A1S1V641
1511	A0A1V5NZ85	A0A1V5NZ85	A0A1V5YPB2	A0A1V5NZ85
1512	A0A328MYN6	A0A328MYN6	A0A328MYN6	A0A328MYN6
1513	A0A328MYN6	A0A328NN67	A0A328MYN6	A0A328MYN6
1514	A0A3B0PVY9	A0A3B0PVY9	A0A1V5YPB2	A0A3B0PVY9
1515	A0A4U8Q8Z5	A0A4U8Q8Z5	A0A174TDS3	A0A4U8Q8Z5
1516	A0A4U8Q8Z5	A0A1C5KPL5	A0A174TDS3	A0A4U8Q8Z5
1517	A0A6N3I4R8	A0A6N3I4R8	A0A1Y6AQ80	A0A6N3I4R8
1518	A0A6N3I4R8	A0A1C5RWI8	A0A1Y6AQ80	A0A6N3I4R8
1519	A0A6N3I4R8	A0A0F0CIG8	A0A1Y6AQ80	A0A6N3I4R8
1520	A0A8G2HRI5	A0A8G2HRI5		
1521	R7FUQ9	R7FUQ9	A0A354HLF6	R7FUQ9
1522	A0A174TDS3	A0A174TDS3	A0A174TDS3	A0A174TDS3
1523	A0A174TDS3	A0A174TC97	A0A174TDS3	A0A174TDS3
1524	A0A174TDS3	A0A173WHC1	A0A174TDS3	A0A174TDS3
1525	A0A1C5QP14	A0A1C5QP14	A0A1V5LKA0	A0A1C5QP14
1526	A0A1C5QP14	A0A7U9R2H9	A0A1V5LKA0	A0A1C5QP14
1527	A0A1C5QP14	A0A7U9WQE5	A0A1V5LKA0	A0A1C5QP14
1528	A0A1C5QP14	A0A7U9XGK3	A0A1V5LKA0	A0A1C5QP14
1529	A0A1C5QP14	A0A7U9MSJ1	A0A1V5LKA0	A0A1C5QP14
1530	A0A1C5QP14	A0A2K4ZC18	A0A1V5LKA0	A0A1C5QP14
1531	A0A1C5QP14	A0A7U9N0N3	A0A1V5LKA0	A0A1C5QP14
1532	A0A1C5QP14	A0A6N2RX49	A0A1V5LKA0	A0A1C5QP14
1533	A0A1C5QP14	A0A1C5NS39	A0A1V5LKA0	A0A1C5QP14
1534	A0A1C5QP14	A0A1C5NTT5	A0A1V5LKA0	A0A1C5QP14
1535	A0A1C5QP14	A0A1C5PZ11	A0A1V5LKA0	A0A1C5QP14
1536	A0A1C5QP14	A0A1C5ZXH7	A0A1V5LKA0	A0A1C5QP14
1537	A0A1C6HAI5	A0A1C6HAI5	A0A829ZMP2	A0A1C6HAI5
1538	A0A1V5S4G7	A0A1V5S4G7	A0A1I0DL10	A0A1V5S4G7
1539	R7K1S2	R7K1S2	A0A2W7MNT1	R7K1S2
1540	A0A1M4ZJU8	A0A1M4ZJU8	A0A354HLF6	A0A1M4ZJU8
1541	A0A1M4ZJU8	A0A1C6IXD6	A0A354HLF6	A0A1M4ZJU8
1542	A0A1M4ZJU8	A0A1C5ZDE9	A0A354HLF6	A0A1M4ZJU8
1543	A0A562K2Q9	A0A562K2Q9	A0A2W7MNT1	A0A562K2Q9
1544	A0A7U9SWI7	A0A7U9SWI7	A0A174CGJ4	A0A7U9SWI7
1545	A0A080M2G0	A0A080M2G0	L8DHP6	A0A080M2G0
1546	A0A080M2G0	A0A080LTB7	L8DHP6	A0A080M2G0
1547	A0A288QYN7	A0A288QYN7	A0A288QYN7	A0A288QYN7
1548	A0A3S4MVH7	A0A3S4MVH7	L8DHP6	A0A3S4MVH7
1549	G8SE27	G8SE27	A0A6V8LYJ9	G8SE27
1550	A0A136K0C9	A0A136K0C9	A0A136K0C9	A0A136K0C9
1551	A0A1D7XDQ2	A0A1D7XDQ2	A0A259UPD7	A0A1D7XDQ2
1552	A0A1D7XDQ2	A0A1J5JJW8	A0A259UPD7	A0A1D7XDQ2
1553	A0A1D7XDQ2	A0A1J5NHE0	A0A259UPD7	A0A1D7XDQ2
1554	A0A1D7XDQ2	A0A853W2E7	A0A259UPD7	A0A1D7XDQ2
1555	A0A1D7XDQ2	A0A151B0C6	A0A259UPD7	A0A1D7XDQ2
1556	A0A1D7XDQ2	A0A2T0AVI9	A0A259UPD7	A0A1D7XDQ2
1557	A0A1V5KVW1	A0A1V5KVW1	A0A1V5KVW1	A0A1V5KVW1
1558	A0A2Z5SIZ2	A0A2Z5SIZ2	A0A2Z5SIZ2	A0A2Z5SIZ2
1559	A0A561DLU9	A0A561DLU9	A0A1I0DL10	A0A561DLU9
1560	A0A561DLU9	A0A1I0SEW6	A0A1I0DL10	A0A561DLU9
1561	A0A561DLU9	A0A023CM44	A0A1I0DL10	A0A561DLU9
1562	A0A561DLU9	A0A0K9HJT9	A0A1I0DL10	A0A561DLU9
1563	A0A561DLU9	A0A4R1QCX3	A0A1I0DL10	A0A561DLU9
1564	A0A561DLU9	A0A167TXF5	A0A1I0DL10	A0A561DLU9
1565	A0A561DLU9	A0A8F5H5D1	A0A1I0DL10	A0A561DLU9
1566	A0A561DLU9	L8A0L5	A0A1I0DL10	A0A561DLU9
1567	A0A561DLU9	A0A1Q5T3B5	A0A1I0DL10	A0A561DLU9
1568	A0A561DLU9	A0A846MIT6	A0A1I0DL10	A0A561DLU9
1569	A0A561DLU9	A0A561X512	A0A1I0DL10	A0A561DLU9
1570	A0A561DLU9	A0A0N0I8E6	A0A1I0DL10	A0A561DLU9
1571	A0A561DLU9	A0A178TYG3	A0A1I0DL10	A0A561DLU9
1572	A0A561DLU9	Q5KX60	A0A1I0DL10	A0A561DLU9
1573	A0A561DLU9	S7SSN5	A0A1I0DL10	A0A561DLU9
1574	A0A561DLU9	A0A023DAS0	A0A1I0DL10	A0A561DLU9
1575	A0A561DLU9	A0A7V9Z3T7	A0A1I0DL10	A0A561DLU9
1576	A0A561DLU9	A0A150LJG3	A0A1I0DL10	A0A561DLU9
1577	A0A561DLU9	A0A377G2Y2	A0A1I0DL10	A0A561DLU9
1578	A0A561DLU9	A0A0D8BW35	A0A1I0DL10	A0A561DLU9
1579	A0A561DLU9	A0A7W8IS51	A0A1I0DL10	A0A561DLU9
1580	A0A561DLU9	C5D4B8	A0A1I0DL10	A0A561DLU9
1581	A0A561DLU9	A0A150MMY1	A0A1I0DL10	A0A561DLU9
1582	A0A561DLU9	I8UC56	A0A1I0DL10	A0A561DLU9
1583	A0A561DLU9	A0A1G9WB87	A0A1I0DL10	A0A561DLU9
1584	A0A561DLU9	A0A1I1UE60	A0A1I0DL10	A0A561DLU9
1585	A0A561DLU9	A0A1I1IZ43	A0A1I0DL10	A0A561DLU9
1586	A0A561DLU9	A0A3Q9RQE4	A0A1I0DL10	A0A561DLU9
1587	A0A561DLU9	A0A4Q7QSL7	A0A1I0DL10	A0A561DLU9
1588	A0A0B8XUM8	A0A0B8XUM8	A0A1V5YPB2	A0A0B8XUM8
1589	A0A136MQA7	A0A136MQA7	A0A348AMB8	A0A136MQA7
1590	A0A1C6HRE6	A0A1C6HRE6	A0A1Y6AQ80	A0A1C6HRE6
1591	A0A1S8QV46	A0A1S8QV46	A0A1S8QV46	A0A1S8QV46
1592	A0A1V5S595	A0A1V5S595	A0A354HLF6	A0A1V5S595
1593	A0A4U9JNL7	A0A4U9JNL7	A0A1V5LKA0	A0A4U9JNL7
1594	F5XN07	F5XN07	A0A259UPD7	F5XN07
1595	R7K962	R7K962	A0A1I3GQ51	R7K962
1596	A0A562QT20	A0A562QT20	A0A254NPA3	A0A562QT20
1597	A0A562QT20	A0A6L3V8H3	A0A254NPA3	A0A562QT20
1598	A0A562QT20	A0A2P6ML52	A0A254NPA3	A0A562QT20
1599	A0A562QT20	A0A859FI81	A0A254NPA3	A0A562QT20
1600	A0A7U9SZ82	A0A7U9SZ82	A0A6N2TU31	A0A7U9SZ82
1601	A0A7U9SZ82	A0A7U9QYQ8	A0A6N2TU31	A0A7U9SZ82
1602	A0A080MA22	A0A080MA22	L8DHP6	A0A080MA22
1603	A0A080MA22	A0A011NNL4	L8DHP6	A0A080MA22
1604	A0A080MA22	A0A011QLD6	L8DHP6	A0A080MA22
1605	A0A080MA22	A0A084Y4A7	L8DHP6	A0A080MA22
1606	A0A080MA22	A0A533QRL7	L8DHP6	A0A080MA22
1607	A0A2H5XCJ1	A0A2H5XCJ1	A0A259UPD7	A0A2H5XCJ1
1608	A0A6V8LYJ9	A0A6V8LYJ9	A0A6V8LYJ9	A0A6V8LYJ9
1609	A0A1V6BHJ7	A0A1V6BHJ7	A0A1V5YPB2	A0A1V6BHJ7
1610	A0A239VVM8	A0A239VVM8	A0A239VVM8	A0A239VVM8
1611	A0A239VVM8	A0A376EMN6	A0A239VVM8	A0A239VVM8
1612	A0A7X5TD29	A0A7X5TD29	A0A1V5YPB2	A0A7X5TD29
1613	R5KSG7	R5KSG7	R5KSG7	R5KSG7
1614	V9GE64	V9GE64	V9GE64	V9GE64
1615	V9GE64	A0A839TQX6	V9GE64	V9GE64
1616	V9GE64	W7YVN1	V9GE64	V9GE64
1617	V9GE64	A0A3D9GQP0	V9GE64	V9GE64
1618	V9GE64	A0A1I0AYD0	V9GE64	V9GE64
1619	V9GE64	A0A1G8EWL0	V9GE64	V9GE64
1620	V9GE64	A0A2M9N4J4	V9GE64	V9GE64
1621	V9GE64	F3ME32	V9GE64	V9GE64
1622	V9GE64	A0A1X7H1U1	V9GE64	V9GE64
1623	V9GE64	A0A1H7LR63	V9GE64	V9GE64
1624	V9GE64	A0A1G4RTX8	V9GE64	V9GE64
1625	V9GE64	A0A8I2BY96	V9GE64	V9GE64
1626	V9GE64	G7W4F3	V9GE64	V9GE64
1627	V9GE64	H6CGK4	V9GE64	V9GE64
1628	V9GE64	A0A378XWU8	V9GE64	V9GE64
1629	A0A1G8S2X6	A0A1G8S2X6	A0A1G8S2X6	A0A1G8S2X6
1630	A0A1I3FHS7	A0A1I3FHS7	A0A1I3FHS7	A0A1I3FHS7
1631	A0A6N8HNH9	A0A6N8HNH9	A0A1V5LKA0	A0A6N8HNH9
1632	A0A1C5WD06	A0A1C5WD06	A0A174ZGT3	A0A1C5WD06
1633	A0A1C5WD06	A0A1C6IBE4	A0A174ZGT3	A0A1C5WD06
1634	A0A1C5WD06	A0A174TKR8	A0A174ZGT3	A0A1C5WD06
1635	A0A1C5WD06	A0A1C5MU36	A0A174ZGT3	A0A1C5WD06
1636	A0A1C5WD06	A0A1C6JM90	A0A174ZGT3	A0A1C5WD06
1637	A0A1C5WD06	A0A564USV1	A0A174ZGT3	A0A1C5WD06
1638	A0A1C5WD06	A0A1C5VKW1	A0A174ZGT3	A0A1C5WD06
1639	A0A1C5WD06	A0A143X3H5	A0A174ZGT3	A0A1C5WD06
1640	A0A1C5WD06	A0A174QFW1	A0A174ZGT3	A0A1C5WD06
1641	A0A1C5WD06	A0A1C5LUC3	A0A174ZGT3	A0A1C5WD06
1642	A0A1C5WD06	A0A1C6JJA5	A0A174ZGT3	A0A1C5WD06
1643	A0A1C5WD06	A0A329TNF5	A0A174ZGT3	A0A1C5WD06
1644	A0A1C5WD06	A0A1C5S0Y9	A0A174ZGT3	A0A1C5WD06
1645	A0A1Y0VKX2	A0A1Y0VKX2	L8DHP6	A0A1Y0VKX2
1646	A0A8F5H2Q7	A0A8F5H2Q7		
1647	A0A8F5H2Q7	A0A098EI80		
1648	U5WF86	U5WF86	G8S0L0	U5WF86
1649	A0A6G4ZR44	A0A6G4ZR44	D6YTN7	A0A6G4ZR44
1650	A0A8A0RIX7	A0A8A0RIX7		
1651	A0A075R247	A0A075R247	A0A259UPD7	A0A075R247
1652	A0A0S2HXD7	A0A0S2HXD7	A0A1V5YPB2	A0A0S2HXD7
1653	A0A151B350	A0A151B350	A0A1Y6AQ80	A0A151B350
1654	A0A1D3UJG1	A0A1D3UJG1	A0A1V5LKA0	A0A1D3UJG1
1655	A0A1V6CVW6	A0A1V6CVW6	A0A1V5YPB2	A0A1V6CVW6
1656	A0A239WTS9	A0A239WTS9	A0A259UPD7	A0A239WTS9
1657	A0A2S6XDR4	A0A2S6XDR4	A0A259UPD7	A0A2S6XDR4
1658	A0A380BIQ4	A0A380BIQ4	A0A1V5YPB2	A0A380BIQ4
1659	A0A380BIQ4	A0A654DL10	A0A1V5YPB2	A0A380BIQ4
1660	A0A380BIQ4	A0A4U9W399	A0A1V5YPB2	A0A380BIQ4
1661	A0A518C016	A0A518C016	A0A518C016	A0A518C016
1662	A0A6M2A7F0	A0A6M2A7F0	A0A348AMB8	A0A6M2A7F0
1663	A0A7Z0WWS2	A0A7Z0WWS2	A0A1I0DL10	A0A7Z0WWS2
1664	A0A7Z0WWS2	A0A1Y0XKI8	A0A1I0DL10	A0A7Z0WWS2
1665	A0A7Z0WWS2	A0A6C1W0B4	A0A1I0DL10	A0A7Z0WWS2
1666	A0A7Z0WWS2	A0A1C3SFZ9	A0A1I0DL10	A0A7Z0WWS2
1667	A0A7Z0WWS2	A0A498TVJ0	A0A1I0DL10	A0A7Z0WWS2
1668	A0A7Z0WWS2	A0A5C0WLA1	A0A1I0DL10	A0A7Z0WWS2
1669	A0A7Z0WWS2	A0A837EFI4	A0A1I0DL10	A0A7Z0WWS2
1670	A0A7Z0WWS2	A0A1K2BB55	A0A1I0DL10	A0A7Z0WWS2
1671	A0A7Z0WWS2	M5QZR4	A0A1I0DL10	A0A7Z0WWS2
1672	A0A7Z0WWS2	K2NAB6	A0A1I0DL10	A0A7Z0WWS2
1673	A0A7Z0WWS2	G4ETU0	A0A1I0DL10	A0A7Z0WWS2
1674	A0A7Z0WWS2	A0A164ZD18	A0A1I0DL10	A0A7Z0WWS2
1675	A0A7Z0WWS2	A0A837XWP1	A0A1I0DL10	A0A7Z0WWS2
1676	A0A7Z0WWS2	A0A4R6HWY1	A0A1I0DL10	A0A7Z0WWS2
1677	A0A7Z0WWS2	A0A0C3KJ32	A0A1I0DL10	A0A7Z0WWS2
1678	A0A7Z0WWS2	G4NQA9	A0A1I0DL10	A0A7Z0WWS2
1679	A0A7Z0WWS2	A0A6H2JSE0	A0A1I0DL10	A0A7Z0WWS2
1680	A0A7Z0WWS2	A0A370GL28	A0A1I0DL10	A0A7Z0WWS2
1681	A0A7Z0WWS2	A0A411A806	A0A1I0DL10	A0A7Z0WWS2
1682	A0A7Z0WWS2	S6FMS8	A0A1I0DL10	A0A7Z0WWS2
1683	A0A7Z0WWS2	I2C7R5	A0A1I0DL10	A0A7Z0WWS2
1684	A0A7Z0WWS2	I2HT57	A0A1I0DL10	A0A7Z0WWS2
1685	A0A1I3GQ51	A0A1I3GQ51	A0A1I3GQ51	A0A1I3GQ51
1686	A0A1I3GQ51	A0A1M6HTI5	A0A1I3GQ51	A0A1I3GQ51
1687	A0A1I3GQ51	A0A1G5S0Z7	A0A1I3GQ51	A0A1I3GQ51
1688	A0A916BQR8	A0A916BQR8		
1689	A0A916BQR8	A0A1V5WBM4		
1690	A0A0J1FLR6	A0A0J1FLR6	A0A348AMB8	A0A0J1FLR6
1691	A0A1C5WT81	A0A1C5WT81	A0A1C5WT81	A0A1C5WT81
1692	A0A2S9YFI4	A0A2S9YFI4	A0A2S9YFI4	A0A2S9YFI4
1693	A0A1T4UDV6	A0A1T4UDV6	A0A259UPD7	A0A1T4UDV6
1694	A0A1T4UDV6	A0A1Y6L231	A0A259UPD7	A0A1T4UDV6
1695	A0A1T4UDV6	A0A1Y6MQH2	A0A259UPD7	A0A1T4UDV6
1696	A0A1T4UDV6	A0A1Y6MUC8	A0A259UPD7	A0A1T4UDV6
1697	A0A1T4UDV6	A0A2X1WCF1	A0A259UPD7	A0A1T4UDV6
1698	A0A1T4UDV6	A0A1T5I5A5	A0A259UPD7	A0A1T4UDV6
1699	A0A3P1BK63	A0A3P1BK63	A0A1V6BVN9	A0A3P1BK63
1700	A0A6M1YJ42	A0A6M1YJ42	A0A6M1YJ42	A0A6M1YJ42
1701	A0A8B4Q8P9	A0A8B4Q8P9	A0A1G8SQW0	A0A8B4Q8P9
1702	A0A1Z5IV70	A0A1Z5IV70	A0A1G8SQW0	A0A1Z5IV70
1703	A0A926HT18	A0A926HT18		
1704	A0A926HT18	J0MY21		
1705	A0A926HT18	A0A928K2M9		
1706	A0A926HT18	A0A928KYG8		
1707	A0A926HT18	A0A6S6XCB1		
1708	A0A926HT18	A0A7C7AQD7		
1709	A0A075R7A2	A0A075R7A2	A0A348AMB8	A0A075R7A2
1710	A0A075R7A2	H0U7A9	A0A348AMB8	A0A075R7A2
1711	A0A1C5LR90	A0A1C5LR90	A0A0P8W7Z2	A0A1C5LR90
1712	A0A1C5LR90	A0A1C5QXJ1	A0A0P8W7Z2	A0A1C5LR90
1713	A0A1C5LR90	A0A1C5YPL9	A0A0P8W7Z2	A0A1C5LR90
1714	A0A1V4W7B7	A0A1V4W7B7	A0A4R7RUE4	A0A1V4W7B7
1715	A0A1V6EIC9	A0A1V6EIC9	A0A518C016	A0A1V6EIC9
1716	A0A380MYU4	A0A380MYU4	C0QS73	A0A380MYU4
1717	A0A422M9G4	A0A422M9G4	A0A1Y6AQ80	A0A422M9G4
1718	A0A422M9G4	A0A8B3GTJ6	A0A1Y6AQ80	A0A422M9G4
1719	A0A422M9G4	A0A1S2AZH6	A0A1Y6AQ80	A0A422M9G4
1720	A0A518LP88	A0A518LP88	A0A518LP88	A0A518LP88
1721	A0A927LH80	A0A927LH80		
1722	A0A916CW89	A0A916CW89		
1723	A0A0J6VCV3	A0A0J6VCV3	C0ZCP7	A0A0J6VCV3
1724	A0A1C6FAW9	A0A1C6FAW9	A0A7U9MND5	A0A1C6FAW9
1725	A0A1C6FAW9	A0A1C5UUU7	A0A7U9MND5	A0A1C6FAW9
1726	A0A2T0B125	A0A2T0B125	A0A259UPD7	A0A2T0B125
1727	A0A0J1FCW4	A0A0J1FCW4	A0A348AMN4	A0A0J1FCW4
1728	A0A1X9M9P6	A0A1X9M9P6	A0A1X9M9P6	A0A1X9M9P6
1729	A0A3P5XFW8	A0A3P5XFW8	A0A1G8SQW0	A0A3P5XFW8
1730	A0A0J6W5Q2	A0A0J6W5Q2	L8DHP6	A0A0J6W5Q2
1731	A0A1C6GSN7	A0A1C6GSN7	A0A1C6GSN7	A0A1C6GSN7
1732	A0A174JNK9	A0A174JNK9	A0A1Y6AQ80	A0A174JNK9
1733	A0A1V4SPZ7	A0A1V4SPZ7	A0A6V8LYJ9	A0A1V4SPZ7
1734	A0A6M1ZQ73	A0A6M1ZQ73	D6YTN7	A0A6M1ZQ73
1735	A0A254NPA3	A0A254NPA3	A0A254NPA3	A0A254NPA3
1736	A0A254NPA3	A0A4Y6UV87	A0A254NPA3	A0A254NPA3
1737	A0A254NPA3	A0A6B0GZA1	A0A254NPA3	A0A254NPA3
1738	A0A254NPA3	A0A4U3FMG5	A0A254NPA3	A0A254NPA3
1739	A0A254NPA3	A0A1E3L4F7	A0A254NPA3	A0A254NPA3
1740	R5N6Z6	R5N6Z6	R5N6Z6	R5N6Z6
1741	A0A162L9K6	A0A162L9K6	A0A162L9K6	A0A162L9K6
1742	A0A1V4XL70	A0A1V4XL70	G8S0L0	A0A1V4XL70
1743	A0A1V4XL70	A0A1V5DJP1	G8S0L0	A0A1V4XL70
1744	A0A1V4XL70	A0A1V4XT62	G8S0L0	A0A1V4XL70
1745	A0A1V4XL70	A0A1V5R6H8	G8S0L0	A0A1V4XL70
1746	A0A249PIE4	A0A249PIE4	A0A554JQZ9	A0A249PIE4
1747	A0A380WV11	A0A380WV11	A0A1G8SQW0	A0A380WV11
1748	A3TVW4	A3TVW4	A3TVW4	A3TVW4
1749	R5UM07	R5UM07	V9GE64	R5UM07
1750	R5UM07	R5YCS1	V9GE64	R5UM07
1751	R5UM07	A0A173SF50	V9GE64	R5UM07
1752	A0A1H8RXI3	A0A1H8RXI3	R5E8N9	A0A1H8RXI3
1753	A0A916NI20	A0A916NI20		
1754	A0A0N8NTP9	A0A0N8NTP9	A0A348AMN4	A0A0N8NTP9
1755	A0A0N8NTP9	A0A0J1FJW4	A0A348AMN4	A0A0N8NTP9
1756	A0A348AMN4	A0A348AMN4	A0A348AMN4	A0A348AMN4
1757	A0A174M4B0	A0A174M4B0	A0A174M4B0	A0A174M4B0
1758	A0A174M4B0	A0A1C6BD54	A0A174M4B0	A0A174M4B0
1759	A0A174M4B0	A0A174VAJ2	A0A174M4B0	A0A174M4B0
1760	A0A174M4B0	A0A1C6GAP6	A0A174M4B0	A0A174M4B0
1761	A0A174M4B0	A0A1C5VNC7	A0A174M4B0	A0A174M4B0
1762	A0A174M4B0	A0A173U138	A0A174M4B0	A0A174M4B0
1763	A0A174M4B0	A0A173WZX5	A0A174M4B0	A0A174M4B0
1764	A0A174M4B0	A0A174E351	A0A174M4B0	A0A174M4B0
1765	A0A174M4B0	A0A143XD01	A0A174M4B0	A0A174M4B0
1766	A0A174M4B0	A0A174RHF1	A0A174M4B0	A0A174M4B0
1767	A0A174M4B0	A0A1C5P0J3	A0A174M4B0	A0A174M4B0
1768	A0A174M4B0	A0A564SQR2	A0A174M4B0	A0A174M4B0
1769	A0A174M4B0	A0A1C5X989	A0A174M4B0	A0A174M4B0
1770	A0A174M4B0	A0A173Z3W7	A0A174M4B0	A0A174M4B0
1771	A0A1V4W7S5	A0A1V4W7S5	A0A348AMN4	A0A1V4W7S5
1772	A0A486XN99	A0A486XN99	A0A486XN99	A0A486XN99
1773	A0A6M1ZTL2	A0A6M1ZTL2	A0A6M1ZTL2	A0A6M1ZTL2
1774	A0A162M7N2	A0A162M7N2	A0A1V5LKA0	A0A162M7N2
1775	A0A162M7N2	A0A8A0RIS4	A0A1V5LKA0	A0A162M7N2
1776	A0A1G5I9T4	A0A1G5I9T4	A0A354HLF6	A0A1G5I9T4
1777	A0A1G5I9T4	A0A1C5PVG7	A0A354HLF6	A0A1G5I9T4
1778	A0A1G5I9T4	A0A1C6JRH7	A0A354HLF6	A0A1G5I9T4
1779	A0A1G5I9T4	A0A1C5RZK9	A0A354HLF6	A0A1G5I9T4
1780	A0A5S5C913	A0A5S5C913	A0A5S5C913	A0A5S5C913
1781	A0A1V5LV71	A0A1V5LV71	A0A1U7M8N9	A0A1V5LV71
1782	A0A2H6A6M5	A0A2H6A6M5	A0A1V5LKA0	A0A2H6A6M5
1783	A0A498RH43	A0A498RH43	A0A348AMN4	A0A498RH43
1784	A0A7U9SSU3	A0A7U9SSU3	A0A564W7U7	A0A7U9SSU3
1785	A0A078LY73	A0A078LY73	C0ZCP7	A0A078LY73
1786	A0A078LY73	A0A6V7RPT7	C0ZCP7	A0A078LY73
1787	A0A078LY73	A0A6V7RRM9	C0ZCP7	A0A078LY73
1788	A0A1C5QMY6	A0A1C5QMY6	A0A1C5QMY6	A0A1C5QMY6
1789	A0A1H3RFE5	A0A1H3RFE5	A0A562JGS4	A0A1H3RFE5
1790	A0A1V5Q709	A0A1V5Q709	A0A1V5Q709	A0A1V5Q709
1791	A0A378NIG8	A0A378NIG8	A0A378NIG8	A0A378NIG8
1792	S7SZV7	S7SZV7	A0A829ZMP2	S7SZV7
1793	A0A143XXX3	A0A143XXX3	A0A2K9DWZ2	A0A143XXX3
1794	A0A173TCM6	A0A173TCM6	A0A1Y6AQ80	A0A173TCM6
1795	A0A1U9NP23	A0A1U9NP23	A0A1U9NP23	A0A1U9NP23
1796	A0A1Y6AQ80	A0A1Y6AQ80	A0A1Y6AQ80	A0A1Y6AQ80
1797	A0A3N6H9U2	A0A3N6H9U2	A0A1Y6AQ80	A0A3N6H9U2
1798	A0A3N6H9U2	A0A3N6HDX8	A0A1Y6AQ80	A0A3N6H9U2
1799	A0A3N6H9U2	A0A6C0QBM0	A0A1Y6AQ80	A0A3N6H9U2
1800	A0A3N6H9U2	A0A117EBF4	A0A1Y6AQ80	A0A3N6H9U2
1801	A0A4V0Z7F5	A0A4V0Z7F5	A0A354HLF6	A0A4V0Z7F5
1802	A0A4V0Z7F5	A0A4R2KJK1	A0A354HLF6	A0A4V0Z7F5
1803	A0A916IAR6	A0A916IAR6		
1804	A0A6B1UGE1	A0A6B1UGE1	A0A354HLF6	A0A6B1UGE1
1805	A0A6B1UGE1	A0A7X1I8W2	A0A354HLF6	A0A6B1UGE1
1806	A0A6B1UGE1	A0A8J6IN73	A0A354HLF6	A0A6B1UGE1
1807	A0A6B1UGE1	A0A1C6J839	A0A354HLF6	A0A6B1UGE1
1808	A0A7U9WXR3	A0A7U9WXR3	A0A829ZMP2	A0A7U9WXR3
1809	A0A174QUU0	A0A174QUU0	A0A1V6BVN9	A0A174QUU0
1810	A0A174QUU0	A0A174BSD0	A0A1V6BVN9	A0A174QUU0
1811	A0A1V5N0W8	A0A1V5N0W8	A0A1V5N0W8	A0A1V5N0W8
1812	A0A2H6EP44	A0A2H6EP44	A0A2H6EP44	A0A2H6EP44
1813	L8DHP6	L8DHP6	L8DHP6	L8DHP6
1814	A0A1C5RYM2	A0A1C5RYM2	A0A1Y6AQ80	A0A1C5RYM2
1815	A0A1H4HAU4	A0A1H4HAU4	A0A1U7M8N9	A0A1H4HAU4
1816	A0A1V5RLE0	A0A1V5RLE0	A0A829ZMP2	A0A1V5RLE0
1817	A0A378NJZ7	A0A378NJZ7	A0A378NJZ7	A0A378NJZ7
1818	A0A7Y0JSX6	A0A7Y0JSX6	A0A7Y0JSX6	A0A7Y0JSX6
1819	A0A7Y0JSX6	A0A7Y0JTR7	A0A7Y0JSX6	A0A7Y0JSX6
1820	A0A7Y0JSX6	A0A428XFJ7	A0A7Y0JSX6	A0A7Y0JSX6
1821	A0A7Y0JSX6	A0A1K0GG71	A0A7Y0JSX6	A0A7Y0JSX6
1822	A0A7Y0JSX6	A0A101JQ18	A0A7Y0JSX6	A0A7Y0JSX6
1823	A0A7Y0JSX6	A0A0A6UJ44	A0A7Y0JSX6	A0A7Y0JSX6
1824	A0A1E3KYI8	A0A1E3KYI8	A0A1V5LKA0	A0A1E3KYI8
1825	A0A1E3KYI8	A0A449D861	A0A1V5LKA0	A0A1E3KYI8
1826	A0A2T0BMT3	A0A2T0BMT3	A0A2T0BMT3	A0A2T0BMT3
1827	A0A6N2TU31	A0A6N2TU31	A0A6N2TU31	A0A6N2TU31
1828	A0A6N2TU31	A0A0F0CJY0	A0A6N2TU31	A0A6N2TU31
1829	A0A6N2TU31	A0A1C6A4C0	A0A6N2TU31	A0A6N2TU31
1830	A5Z534	A5Z534	V9GE64	A5Z534
1831	A5Z534	R6FSX8	V9GE64	A5Z534
1832	K1KPT3	K1KPT3	A0A0P8W7Z2	K1KPT3
1833	A0A940ZKM3	A0A940ZKM3		
1834	A0A1E3H803	A0A1E3H803	A0A259UIB8	A0A1E3H803
1835	A0A1E3H803	A0A1U9Z5B0	A0A259UIB8	A0A1E3H803
1836	A0A1E3H803	A0A1X6YPN7	A0A259UIB8	A0A1E3H803
1837	A0A1E3H803	A0A0P1I474	A0A259UIB8	A0A1E3H803
1838	A0A1E3H803	A0A5P9F9A1	A0A259UIB8	A0A1E3H803
1839	A0A1E3H803	A0A238JXQ8	A0A259UIB8	A0A1E3H803
1840	A0A1E3H803	A0A6V6ZML8	A0A259UIB8	A0A1E3H803
1841	A0A1E3H803	A0A4P1JX53	A0A259UIB8	A0A1E3H803
1842	A0A1E3H803	A0A2R8AL22	A0A259UIB8	A0A1E3H803
1843	A0A1E3H803	A0A5J4E057	A0A259UIB8	A0A1E3H803
1844	A0A8S0GDS2	A0A8S0GDS2		
1845	A0A6M1ZZ67	A0A6M1ZZ67	A0A486XN99	A0A6M1ZZ67
1846	A0A8J2ZPT7	A0A8J2ZPT7		
1847	A0A077MGS3	A0A077MGS3	A0A239VVM8	A0A077MGS3
1848	A0A4Q2I166	A0A4Q2I166	A0A254NPA3	A0A4Q2I166
1849	A0A4Q2I166	A0A1G9Y2Y3	A0A254NPA3	A0A4Q2I166
1850	A0A4Q2I166	A0A1I1RZP0	A0A254NPA3	A0A4Q2I166
1851	A0A4Q2I166	A0A1I1S0D0	A0A254NPA3	A0A4Q2I166
1852	A0A4Q2I166	A0A5P0YG36	A0A254NPA3	A0A4Q2I166
1853	A0A0U4WCU3	A0A0U4WCU3	L8DHP6	A0A0U4WCU3
1854	A0A162R583	A0A162R583	A0A1Y6AQ80	A0A162R583
1855	A0A174CGJ4	A0A174CGJ4	A0A174CGJ4	A0A174CGJ4
1856	A0A174CGJ4	A0A174JP72	A0A174CGJ4	A0A174CGJ4
1857	A0A174CGJ4	A0A173TCP1	A0A174CGJ4	A0A174CGJ4
1858	A0A174CGJ4	A0A173YAR0	A0A174CGJ4	A0A174CGJ4
1859	A0A174CGJ4	A0A1C5XUZ9	A0A174CGJ4	A0A174CGJ4
1860	A0A174CGJ4	A0A173TXE3	A0A174CGJ4	A0A174CGJ4
1861	A0A174CGJ4	A0A174EN32	A0A174CGJ4	A0A174CGJ4
1862	A0A174CGJ4	A0A1C5T7X7	A0A174CGJ4	A0A174CGJ4
1863	A0A174CGJ4	A0A564U2D1	A0A174CGJ4	A0A174CGJ4
1864	A0A174CGJ4	A0A1C5N7J6	A0A174CGJ4	A0A174CGJ4
1865	A0A174CGJ4	A0A174DTW2	A0A174CGJ4	A0A174CGJ4
1866	A0A2H5ZIX1	A0A2H5ZIX1	A0A354HLF6	A0A2H5ZIX1
1867	A0A2T0MBL5	A0A2T0MBL5	A0A518C016	A0A2T0MBL5
1868	A0A380ZWG3	A0A380ZWG3	A0A1V5YPB2	A0A380ZWG3
1869	A0A6N2U4F9	A0A6N2U4F9	A0A518C016	A0A6N2U4F9
1870	A0A6N2U4F9	A0A174CBG2	A0A518C016	A0A6N2U4F9
1871	A0A6N2U4F9	A0A1C5Z197	A0A518C016	A0A6N2U4F9
1872	A0A6N2U4F9	A0A174SY38	A0A518C016	A0A6N2U4F9
1873	A0A6N2U4F9	A0A173SYG7	A0A518C016	A0A6N2U4F9
1874	A0A6N2U4F9	A0A173T2N3	A0A518C016	A0A6N2U4F9
1875	K1KS64	K1KS64	K1KS64	K1KS64
1876	R5YP05	R5YP05	R5YP05	R5YP05
1877	W4QZB3	W4QZB3	W4QZB3	W4QZB3
1878	W4QZB3	A0A1X9MEU0	W4QZB3	W4QZB3
1879	A0A1G9UKA7	A0A1G9UKA7	A0A354HLF6	A0A1G9UKA7
1880	A0A1I5NXJ9	A0A1I5NXJ9	A0A2P8HWB3	A0A1I5NXJ9
1881	A0A1I5NXJ9	A0A1G7ZJU4	A0A2P8HWB3	A0A1I5NXJ9
1882	A0A1I5NXJ9	A0A1G8C1J0	A0A2P8HWB3	A0A1I5NXJ9
1883	A0A1I5NXJ9	A0A1I1ZN25	A0A2P8HWB3	A0A1I5NXJ9
1884	A0A1I5NXJ9	A0A1I4M5W7	A0A2P8HWB3	A0A1I5NXJ9
1885	A0A942PKR4	A0A942PKR4		
1886	A0A1K9ZY75	A0A1K9ZY75	A0A259UPD7	A0A1K9ZY75
1887	A0A377Q628	A0A377Q628	A0A377Q628	A0A377Q628
1888	A0A8S0GPC8	A0A8S0GPC8		
1889	A0A6M2A279	A0A6M2A279	A0A6M1YJ42	A0A6M2A279
1890	A0A6M2A279	A0A6M1Z3X0	A0A6M1YJ42	A0A6M2A279
1891	A0A2D8Q8J8	A0A2D8Q8J8	A0A829ZMP2	A0A2D8Q8J8
1892	A0A2D8Q8J8	A0A3B9ITG5	A0A829ZMP2	A0A2D8Q8J8
1893	A0A3D0KMZ9	A0A3D0KMZ9	A0A354HLF6	A0A3D0KMZ9
1894	A0A162TRS5	A0A162TRS5	A0A1Y6AQ80	A0A162TRS5
1895	A0A1G4G4Z7	A0A1G4G4Z7	A0A1V5LKA0	A0A1G4G4Z7
1896	A0A1V5C2W7	A0A1V5C2W7	A0A348AMB8	A0A1V5C2W7
1897	A0A1V5C2W7	A0A1V4WKF7	A0A348AMB8	A0A1V5C2W7
1898	A0A1V5C2W7	A0A1V5DCT9	A0A348AMB8	A0A1V5C2W7
1899	A0A1X6ZDZ1	A0A1X6ZDZ1	A0A1V5YPB2	A0A1X6ZDZ1
1900	A0A1X6ZDZ1	A0A5E7Z577	A0A1V5YPB2	A0A1X6ZDZ1
1901	A0A1X6ZDZ1	A0A0L6CR67	A0A1V5YPB2	A0A1X6ZDZ1
1902	A0A1X6ZDZ1	A0A1V0RQE5	A0A1V5YPB2	A0A1X6ZDZ1
1903	A0A1X6ZDZ1	A0A1V1UEM7	A0A1V5YPB2	A0A1X6ZDZ1
1904	A0A1X6ZDZ1	A0A0U1NJW4	A0A1V5YPB2	A0A1X6ZDZ1
1905	A0A1X6ZDZ1	A0A1X6Z943	A0A1V5YPB2	A0A1X6ZDZ1
1906	A0A1X6ZDZ1	A0A0P1E815	A0A1V5YPB2	A0A1X6ZDZ1
1907	A0A1X6ZDZ1	A0A6V6ZJ24	A0A1V5YPB2	A0A1X6ZDZ1
1908	A0A1X6ZDZ1	A0A0P1EHJ1	A0A1V5YPB2	A0A1X6ZDZ1
1909	A0A1X6ZDZ1	A0A0P1GV93	A0A1V5YPB2	A0A1X6ZDZ1
1910	A0A1X6ZDZ1	A0A0P1IV56	A0A1V5YPB2	A0A1X6ZDZ1
1911	A0A1X6ZDZ1	A0A238KNG9	A0A1V5YPB2	A0A1X6ZDZ1
1912	A0A1X6ZDZ1	A0A0K0Y198	A0A1V5YPB2	A0A1X6ZDZ1
1913	A0A1X6ZDZ1	A0A1Y5S1E6	A0A1V5YPB2	A0A1X6ZDZ1
1914	A0A1X6ZDZ1	A0A238KB60	A0A1V5YPB2	A0A1X6ZDZ1
1915	A0A1X6ZDZ1	A0A238LFJ1	A0A1V5YPB2	A0A1X6ZDZ1
1916	A0A1X6ZDZ1	A0A1X6YM75	A0A1V5YPB2	A0A1X6ZDZ1
1917	A0A1X6ZDZ1	A0A1Y5SQX6	A0A1V5YPB2	A0A1X6ZDZ1
1918	A0A1X6ZDZ1	A0A238JL50	A0A1V5YPB2	A0A1X6ZDZ1
1919	A0A1X6ZDZ1	A0A1X6ZSK6	A0A1V5YPB2	A0A1X6ZDZ1
1920	A0A1X6ZDZ1	A0A5P9GKQ9	A0A1V5YPB2	A0A1X6ZDZ1
1921	A0A1X6ZDZ1	A0A3B0MNS8	A0A1V5YPB2	A0A1X6ZDZ1
1922	A0A1X6ZDZ1	A0A222E1P0	A0A1V5YPB2	A0A1X6ZDZ1
1923	A0A1X6ZDZ1	A0A132BY88	A0A1V5YPB2	A0A1X6ZDZ1
1924	A0A1X6ZDZ1	A0A0N7LV48	A0A1V5YPB2	A0A1X6ZDZ1
1925	A0A1X6ZDZ1	A0A0P1GRQ5	A0A1V5YPB2	A0A1X6ZDZ1
1926	A0A1X6ZDZ1	A0A0T5PF31	A0A1V5YPB2	A0A1X6ZDZ1
1927	A0A1X6ZDZ1	A0A1Y5SV03	A0A1V5YPB2	A0A1X6ZDZ1
1928	A0A1X6ZDZ1	A0A3P5WV69	A0A1V5YPB2	A0A1X6ZDZ1
1929	A0A1X6ZDZ1	A0A0P1H8N2	A0A1V5YPB2	A0A1X6ZDZ1
1930	A0A1X6ZDZ1	A0A2R8C2Y1	A0A1V5YPB2	A0A1X6ZDZ1
1931	A0A2H6EYC2	A0A2H6EYC2	A0A1V5LKA0	A0A2H6EYC2
1932	A0A1I5ZX75	A0A1I5ZX75	A0A2W7MNT1	A0A1I5ZX75
1933	A0A2V2YMD5	A0A2V2YMD5	A0A254NPA3	A0A2V2YMD5
1934	A0A2V2YMD5	A0A3D9HQH5	A0A254NPA3	A0A2V2YMD5
1935	A0A4R8GQV4	A0A4R8GQV4	A0A0P8W7Z2	A0A4R8GQV4
1936	A0A4R8GQV4	A0A938XT06	A0A0P8W7Z2	A0A4R8GQV4
1937	A0A4R8GQV4	A0A1T4KRP6	A0A0P8W7Z2	A0A4R8GQV4
1938	A0A4R8GQV4	A0A285HCD2	A0A0P8W7Z2	A0A4R8GQV4
1939	A0A949RNE6	A0A949RNE6		
1940	A0A1S8L7Q9	A0A1S8L7Q9	A0A1S8L7Q9	A0A1S8L7Q9
1941	A0A378PBG3	A0A378PBG3	A0A378PBG3	A0A378PBG3
1942	A0A378PBG3	A0A8G2M587	A0A378PBG3	A0A378PBG3
1943	A0A916KA10	A0A916KA10		
1944	A0A0M9AD48	A0A0M9AD48	A0A259UPD7	A0A0M9AD48
1945	A0A0M9AD48	A0A399ERK4	A0A259UPD7	A0A0M9AD48
1946	A0A1V4XFC1	A0A1V4XFC1	C0ZCP7	A0A1V4XFC1
1947	A0A1V4XFC1	A0A1V4XGM6	C0ZCP7	A0A1V4XFC1
1948	A0A1V4XFC1	A0A1V5DXV5	C0ZCP7	A0A1V4XFC1
1949	A0A1V4XFC1	A0A1V6APH4	C0ZCP7	A0A1V4XFC1
1950	A0A1V4XFC1	A0A1V5E4M0	C0ZCP7	A0A1V4XFC1
1951	A0A1V4XFC1	A0A1V4XZT9	C0ZCP7	A0A1V4XFC1
1952	A0A6M2A7B7	A0A6M2A7B7	A0A6M2A7B7	A0A6M2A7B7
1953	A0A916HNI5	A0A916HNI5		
1954	A0A0A2TFV7	A0A0A2TFV7	A0A1G8S2X6	A0A0A2TFV7
1955	A0A0A2TFV7	A0A0A2VBZ4	A0A1G8S2X6	A0A0A2TFV7
1956	A0A2K9NEV4	A0A2K9NEV4	A0A829ZMP2	A0A2K9NEV4
1957	A0A328NGX8	A0A328NGX8	A0A328NGX8	A0A328NGX8
1958	A0A328NGX8	A0A328N7T9	A0A328NGX8	A0A328NGX8
1959	A0A0U5JII4	A0A0U5JII4	A0A162L9K6	A0A0U5JII4
1960	A0A163ZA77	A0A163ZA77	A0A163ZA77	A0A163ZA77
1961	A0A1V5CDR4	A0A1V5CDR4	A0A348AMB8	A0A1V5CDR4
1962	A0A6N2VVZ6	A0A6N2VVZ6	A0A1Y6AQ80	A0A6N2VVZ6
1963	C0D0G2	C0D0G2	V9GE64	C0D0G2
1964	C0D0G2	A0A1I0BTW5	V9GE64	C0D0G2
