mmseqs_cluster	unclustered
A0A174B8I9	A0A174B8I9
A0A1E2RWF6	A0A1E2RWF6
A0A1V6HF93	A0A1V6HF93
A0A380MZP3	A0A380MZP3
A0A428I3D7	A0A428I3D7
R5RW36	R5RW36
R5RW36	R6LNQ7
A0A285NMQ5	A0A285NMQ5
A0A285NMQ5	A0A8D3WV90
A0A285NMQ5	A0A1G6VBJ0
A0A7J0AAJ5	A0A7J0AAJ5
A0A916HN28	A0A916HN28
A0A916HN28	A0A927QL70
A0A916HN28	A0A0X7BBE7
A0A916HN28	A0A653U5P8
A0A916HN28	A0A199XUM9
A0A916HN28	A0A2N9PB06
A0A916HN28	A0A385BSW3
A0A916HN28	A0A330MML9
A0A916HN28	A0A8T9DW70
A0A916HN28	A0A1V5NZ85
A0A916HN28	A0A345H5Z6
A0A916HN28	A0A7L4ZIF3
A0A916HN28	A0A6N4X477
A0A916HN28	A0A6N4XSY7
A0A916HN28	A0A378U4R6
A0A916HN28	A0A0U3F364
A0A916HN28	A0A2I9EL02
A0A916HN28	A0A221UYV5
A0A0J6VLZ1	A0A0J6VLZ1
A0A0J6VLZ1	A0A0J6VCV3
A0A1C6G745	A0A1C6G745
A0A0J1I6K8	A0A0J1I6K8
A0A1V4SDX7	A0A1V4SDX7
A0A3S5AQD8	A0A3S5AQD8
A0A3S5AQD8	A0A1C6ERC7
A0A3S5AQD8	A0A1C6G2Q5
A0A3S5AQD8	A0A1C5WC46
A0A3S5AQD8	A0A0F0CLG3
A0A6M1ZB96	A0A6M1ZB96
A0A248JXY1	A0A248JXY1
A0A433XPS9	A0A433XPS9
A0A433XPS9	A0A7X2Z4H8
A0A1C5ML14	A0A1C5ML14
A0A1C5YPL9	A0A1C5YPL9
A0A1V4WZV6	A0A1V4WZV6
A0A1V6JEK4	A0A1V6JEK4
A0A246KEF4	A0A246KEF4
A0A246KEF4	A0A5P9KME4
A0A246KEF4	A0A2X1BKU2
A0A246KEF4	A0A4P1JUU0
A0A6N2SLV1	A0A6N2SLV1
A0A977II70	A0A977II70
R5STP1	R5STP1
A0A7U9MND5	A0A7U9MND5
A0A7U9MND5	A0A7U9RE39
R6SGY6	R6SGY6
A0A1I6KYN6	A0A1I6KYN6
A0A841RQA6	A0A841RQA6
A0A841RQA6	A0A1G9R0B8
A0A841RQA6	A0A1G8YV69
A0A841RQA6	A0A368XG69
A0A841RQA6	A0A366E6W2
A0A841RQA6	A0A0U1KKZ9
A0A841RQA6	A0A1H9S259
A0A1U7M8N9	A0A1U7M8N9
A0A379DHS9	A0A379DHS9
A0A379DHS9	A0A379E877
A0A6N7B1P8	A0A6N7B1P8
C3JB20	C3JB20
A0A0V8JNZ3	A0A0V8JNZ3
A0A0V8JNZ3	A0A0L1LSW1
A0A0V8JNZ3	A0A1X7FT98
A0A2S5D4Q5	A0A2S5D4Q5
A0A4Y7RJ07	A0A4Y7RJ07
A0A6N3A346	A0A6N3A346
A0A2R3JMM1	A0A2R3JMM1
A0A2R3JMM1	A0A2I0YSV2
A0A2R3JMM1	A0A2R3JVC2
A0A2R3JMM1	A0A837NGG0
A0A2R3JMM1	A0A199QLE6
A0A2R3JMM1	A0A660E9L2
A0A3D1V9H0	A0A3D1V9H0
A0A3D1V9H0	R5ATJ0
A0A3D1V9H0	A0A928MHN6
A0A3D1V9H0	R6N2Q7
A0A3D1V9H0	A0A3C1BWY3
A0A3D1V9H0	R5ES93
A0A3D1V9H0	A0A928LUX6
A0A3D1V9H0	A0A354USI9
A0A3D1V9H0	A0A3D2HXQ8
A0A117EBF4	A0A117EBF4
A0A117EBF4	A0A2S6XDR4
A0A117EBF4	A0A3N6H9U2
A0A117EBF4	A0A3N6HDX8
A0A117EBF4	A0A6C0QBM0
A0A1C5PVP3	A0A1C5PVP3
A0A1M4NB46	A0A1M4NB46
A0A1M4NB46	A0A161XDA1
A0A1V5N1S3	A0A1V5N1S3
A0A1Y2MSQ6	A0A1Y2MSQ6
A0A2K9IWA9	A0A2K9IWA9
A0A2K9IWA9	A0A919X596
A0A2K9IWA9	A0A0B6AKY9
A0A2K9IWA9	A0A806TEH3
A0A2K9IWA9	A0A917PTZ4
A0A2K9IWA9	A0A917EYR8
A0A2K9IWA9	A0A024P3D8
A0A2K9IWA9	A0A511WPP4
A0A2K9IWA9	I3E8S5
A0A2K9IWA9	A0A6F8TS56
A0A2K9IWA9	A0A919X8C0
A0A2K9IWA9	A0A024Q709
A0A2K9IWA9	A0A0A1MP10
A0A2K9IWA9	W9AHW1
A0A2K9IWA9	A0A8J2ZQ15
A0A2K9IWA9	A0A511ZQ48
A0A2K9IWA9	A0A917HQU1
A0A2K9IWA9	A0A916RQ13
A0A2K9IWA9	A0A8J2ZS34
A0A2K9IWA9	A0A8J2YCX2
A0A2K9IWA9	A0A511VC99
A0A2Z2NI95	A0A2Z2NI95
A0A5P9HLP1	A0A5P9HLP1
A0A846MCS6	A0A846MCS6
A0A166IG42	A0A166IG42
A0A2S9Y483	A0A2S9Y483
A0A5S5C913	A0A5S5C913
A0A098EI80	A0A098EI80
A0A098EI80	A0A8F5H2Q7
A0A1V5LV71	A0A1V5LV71
A0A2H6A6M5	A0A2H6A6M5
A0A498RH43	A0A498RH43
A0A078LY73	A0A078LY73
A0A078LY73	A0A6V7R5V3
A0A078LY73	A0A6V7RPT7
A0A078LY73	A0A6V7RRM9
A0A1C5QMY6	A0A1C5QMY6
A0A1H3RFE5	A0A1H3RFE5
A0A1V5Q709	A0A1V5Q709
S7SZV7	S7SZV7
A0A143XXX3	A0A143XXX3
A0A173TCM6	A0A173TCM6
A0A1C6J839	A0A1C6J839
A0A1C6J839	A0A8J6IN73
A0A1U9NP23	A0A1U9NP23
A0A1Y6AQ80	A0A1Y6AQ80
A0A916IAR6	A0A916IAR6
A0A1M6BA32	A0A1M6BA32
A0A1M6BA32	A0A1H9G4G2
A0A1M6BA32	A0A1H9PQ19
A0A7U9WXR3	A0A7U9WXR3
A0A7U9WXR3	A0A7U9WQE5
A0A7U9WXR3	A0A7U9R2H9
A0A7U9WXR3	A0A1C5QP14
A0A7U9WXR3	A0A7U9XGK3
A0A7U9WXR3	A0A7U9MSJ1
A0A0A1MTG8	A0A0A1MTG8
A0A0A1MTG8	A0A6N3E2V5
A0A0A1MTG8	A0A6N3BHG0
A0A174QUU0	A0A174QUU0
A0A174QUU0	A0A174BSD0
A0A1V5N0W8	A0A1V5N0W8
A0A2H6EP44	A0A2H6EP44
L8DHP6	L8DHP6
A0A1V5RLE0	A0A1V5RLE0
A0A378NJZ7	A0A378NJZ7
A0A7U9RW63	A0A7U9RW63
A0A173SQ00	A0A173SQ00
A0A173SQ00	A0A173XJ87
A0A173SQ00	A0A174MFZ4
A0A1U9Z5B0	A0A1U9Z5B0
A0A259UPD7	A0A259UPD7
A0A259UPD7	A0A348AEV1
A0A259UPD7	A0A259ULV1
A0A259UPD7	A0A402BSX8
A0A259UPD7	A0A517DW27
A0A388PTQ8	A0A388PTQ8
V4YL22	V4YL22
A0A2U3N4J8	A0A2U3N4J8
A0A508YJ95	A0A508YJ95
M7NHB2	M7NHB2
A0A1V5Q315	A0A1V5Q315
A0A328MZM0	A0A328MZM0
A0A328MZM0	A0A810MPU0
A0A328MZM0	A0A328NHS7
A0A328MZM0	A0A3E2YLF3
A0A328MZM0	A0A6V8K468
A0A328MZM0	A0A2P8AVF0
A0A4U8QLW8	A0A4U8QLW8
M7NQY8	M7NQY8
R7HVK1	R7HVK1
A0A080LTB7	A0A080LTB7
A0A080LTB7	A0A080M2G0
A0A3P8KH75	A0A3P8KH75
V6MCF6	V6MCF6
V6MCF6	C0ZCP7
V6MCF6	M8E2F8
A0A132I0H7	A0A132I0H7
A0A132I0H7	A0A378NMA0
A0A132I0H7	A0A7Z7P8C5
A0A132I0H7	A0A653J3P4
A0A1V5HWU4	A0A1V5HWU4
A0A511UW83	A0A511UW83
A0A511UW83	A0A0U9H9G9
A0A511UW83	A0A024Q8L6
A0A559UND0	A0A559UND0
A0A1G8SQW0	A0A1G8SQW0
A0A1G8SQW0	A0A1N7IV07
A0A1V5PM79	A0A1V5PM79
A0A7T1F3W4	A0A7T1F3W4
A0A2S1XT41	A0A2S1XT41
A0A2S1XT41	A0A060DHE3
A0A2S1XT41	A0A235HJA8
A0A2S1XT41	A0A2B8B8T3
A0A2S1XT41	A0A2U1VK32
A0A2S1XT41	A0A2U1WFM2
A0A2S1XT41	A0A2U1XKT0
A0A2S1XT41	A0A0F2KU74
A0A2S1XT41	A0A2S2CKT6
A0A2S1XT41	G7Z707
A0A2S1XT41	A0A2U1WT61
A0A2S1XT41	A0A2U1X5I0
A0A2S1XT41	A0A2U1Y8A5
A0A2S1XT41	A0A2U9S1W9
A0A1V5U3I2	A0A1V5U3I2
A0A1Y5TI89	A0A1Y5TI89
A0A330LFL9	A0A330LFL9
A0A1M5VYK8	A0A1M5VYK8
A0A097AQH5	A0A097AQH5
A0A1V5F347	A0A1V5F347
A0A2H5YNU4	A0A2H5YNU4
A0A422M907	A0A422M907
A0A7M4DGD1	A0A7M4DGD1
I0JQX9	I0JQX9
A0A1H0WYG5	A0A1H0WYG5
A0A1V5PMQ5	A0A1V5PMQ5
A0A1V5PMQ5	A0A1V5WF40
A0A562JGS4	A0A562JGS4
A0A5D0D2L3	A0A5D0D2L3
A0A5D0D2L3	A0A1G9EPX3
A0A5D0D2L3	A0A7W3STM3
A0A5D0D2L3	A0A1G7NLH5
A0A5D0D2L3	A0A1G9LGC0
A0A5D0D2L3	A0A3S1BMZ4
A0A5D0D2L3	A0A1H8L4C1
A0A5D0D2L3	A0A6M1PHG2
A0A5D0D2L3	A0A3S9V6F5
A0A143XWZ4	A0A143XWZ4
A0A177H8H2	A0A177H8H2
A0A1U7M8V5	A0A1U7M8V5
A0A2N9BB34	A0A2N9BB34
A0A3N6GQP9	A0A3N6GQP9
A0A3N6GQP9	A0A100JYF2
A0A3N6GQP9	A0A385ZME0
A0A3N6GQP9	A0A387HCG6
A0A3N6GQP9	A0A2Z5K2N6
A0A3N6GQP9	A0A3N6G7Q6
A0A3N6GQP9	A0A2N9BBU2
A0A3N6GQP9	A0A6C0Q549
A0A3N6GQP9	A0A1Y2MQ80
A0A3N6GQP9	A0A445N9H6
A0A4U9W399	A0A4U9W399
A0A4U9W399	A0A654DL10
A0A4U9W399	A0A380BIQ4
A0A6S6XCB1	A0A6S6XCB1
A0A6S6XCB1	J0MY21
A0A6S6XCB1	A0A928K2M9
A0A6S6XCB1	A0A928KYG8
G4ETU0	G4ETU0
G4ETU0	A0A164ZD18
G4ETU0	A0A837XWP1
G4ETU0	A0A4R6HWY1
G4ETU0	A0A0C3KJ32
G4ETU0	G4NQA9
G4ETU0	A0A6H2JSE0
G4ETU0	I2C7R5
G4ETU0	S6FMS8
G4ETU0	I2HT57
G4ETU0	A0A411A806
A0A136JTG6	A0A136JTG6
A0A136JTG6	A0A136JTC9
A0A174TDS3	A0A174TDS3
A0A174TDS3	A0A174TC97
A0A174TDS3	A0A173WHC1
A0A1C6HAI5	A0A1C6HAI5
A0A1V5S4G7	A0A1V5S4G7
A0A653ARH4	A0A653ARH4
A0A653ARH4	A0A1S8P0B0
A0A653ARH4	A0A1S8QVH8
A0A653ARH4	A0A1S8RVE6
R7K1S2	R7K1S2
R7K1S2	R6VVK0
A0A562K2Q9	A0A562K2Q9
A0A7U9SWI7	A0A7U9SWI7
A0A7U9SWI7	A0A7U9SHV5
A0A1V4XT62	A0A1V4XT62
A0A1V4XT62	A0A1V5DJP1
A0A1V4XT62	A0A1V4XL70
A0A288QYN7	A0A288QYN7
A0A3S4MVH7	A0A3S4MVH7
G8SE27	G8SE27
G8SE27	U5WF86
V6MEX2	V6MEX2
V6MEX2	M8DBN9
A0A136K0C9	A0A136K0C9
A0A1V5KVW1	A0A1V5KVW1
A0A2Z5SIZ2	A0A2Z5SIZ2
A0A0B8XUM8	A0A0B8XUM8
A0A136MQA7	A0A136MQA7
A0A1C6HRE6	A0A1C6HRE6
A0A1S8QV46	A0A1S8QV46
A0A328NN67	A0A328NN67
A0A328NN67	A0A328MYN6
A0A4U9JNL7	A0A4U9JNL7
A0A653PIK4	A0A653PIK4
A0A653PIK4	A0A498U1G2
A0A653PIK4	A0A5C0WE58
F5XN07	F5XN07
R7K962	R7K962
A0A562QT20	A0A562QT20
A0A562QT20	A0A150L0P0
A0A562QT20	A0A6L3V8H3
A0A562QT20	A0A2P6ML52
A0A562QT20	A0A859FI81
A0A080MA22	A0A080MA22
A0A080MA22	A0A011NNL4
A0A080MA22	A0A011QLD6
A0A080MA22	A0A084Y4A7
A0A080MA22	A0A533QRL7
A0A2H5XCJ1	A0A2H5XCJ1
A0A6V8LYJ9	A0A6V8LYJ9
A0A0F0CDC4	A0A0F0CDC4
A0A1C5UUU7	A0A1C5UUU7
A0A1C5UUU7	A0A1C6FAW9
A0A1V6I6W1	A0A1V6I6W1
A0A2S0XR11	A0A2S0XR11
A0A554X2L3	A0A554X2L3
A0A1V6APH4	A0A1V6APH4
A0A1V6APH4	A0A1V5DXV5
A0A399DVH1	A0A399DVH1
A0A1Y0WKX0	A0A1Y0WKX0
A0A3B0BSJ8	A0A3B0BSJ8
A0A3B0BSJ8	A0A6G3ZU75
A0A3B0BSJ8	A0A927LRB5
A0A3B0BSJ8	A0A927C5Z6
A0A3B0BSJ8	A0A1I4P4L2
A0A3B0BSJ8	A0A4Q9DNG9
A0A3B0BSJ8	A0A4R4EE54
A0A3B0BSJ8	A0A2T6FSL1
A0A0P8W7Z2	A0A0P8W7Z2
A0A1C5KPL5	A0A1C5KPL5
A0A1C5KPL5	A0A4U8Q8Z5
A0A1C6L2J7	A0A1C6L2J7
A0A1V4VR09	A0A1V4VR09
A0A1V4VR09	A0A8D3WY21
A0A1V6BES0	A0A1V6BES0
A0A2R8FAR7	A0A2R8FAR7
A0A3S4WJB7	A0A3S4WJB7
A0A511Z9R6	A0A511Z9R6
A0A511Z9R6	A0A3P5WL68
R5FSU6	R5FSU6
V4R1H7	V4R1H7
A0A0G1MTH1	A0A0G1MTH1
A0A2S5D150	A0A2S5D150
A0A0D0RVH7	A0A0D0RVH7
A0A1V6C403	A0A1V6C403
A0A399ERK4	A0A399ERK4
A0A399ERK4	A0A0M9AD48
A0A3B8NYU2	A0A3B8NYU2
A0A3B8NYU2	A0A3A9IJD7
A0A3B8NYU2	A0A1C5LK98
K2KE81	K2KE81
A0A060M050	A0A060M050
A0A1C5KYE3	A0A1C5KYE3
A0A1C6L3K9	A0A1C6L3K9
A0A1V6BHJ7	A0A1V6BHJ7
A0A6M1ZPX6	A0A6M1ZPX6
A0A6M1ZPX6	A0A6M1ZL94
A0A7X5TD29	A0A7X5TD29
V9GE64	V9GE64
V9GE64	A0A0B0I952
V9GE64	A0A1G9G722
V9GE64	X4ZB68
V9GE64	A0A839TQX6
V9GE64	W7YVN1
V9GE64	A0A3D9GQP0
V9GE64	A0A1I0AYD0
V9GE64	A0A1H8TU37
V9GE64	A0A2M9N4J4
V9GE64	F3ME32
V9GE64	A0A1X7H1U1
V9GE64	A0A1H7LR63
V9GE64	A0A1I2EWD9
V9GE64	A0A4R2A175
A0A1G8S2X6	A0A1G8S2X6
A0A1I3FHS7	A0A1I3FHS7
A0A1Y6F093	A0A1Y6F093
A0A1Y6F093	A0A561CFQ3
A0A1Y6F093	A0A852TD77
A0A1Y6F093	A0A1I6AQI5
A0A1Y6F093	A0A561D8T5
A0A1Y6F093	A0A1H0WTU6
A0A1Y6F093	A0A1I1F6F2
A0A6N8HNH9	A0A6N8HNH9
A0A0J1FJW4	A0A0J1FJW4
A0A0J1FJW4	A0A0N8NTP9
A0A1Y0VKX2	A0A1Y0VKX2
A0A2S5D4V8	A0A2S5D4V8
A0A2S5D4V8	A0A828ZA80
A0A2S5D4V8	B1HNB1
A0A2S5D4V8	A0A828ZJD3
A0A3B0QIA3	A0A3B0QIA3
A0A3B0QIA3	A0A2R8FCF1
A0A6G4ZR44	A0A6G4ZR44
A0A8A0RIX7	A0A8A0RIX7
A0A3B9ITG5	A0A3B9ITG5
A0A3B9ITG5	A0A2D8Q8J8
A0A075R247	A0A075R247
A0A0S2HXD7	A0A0S2HXD7
A0A151B350	A0A151B350
A0A1D3UJG1	A0A1D3UJG1
A0A1V6CVW6	A0A1V6CVW6
A0A239WTS9	A0A239WTS9
A0A518C016	A0A518C016
A0A6M2A7F0	A0A6M2A7F0
A0A919ZDK0	A0A919ZDK0
A0A919ZDK0	W8ZK78
A0A919ZDK0	A0A916JZY9
V9W4V2	V9W4V2
V9W4V2	A0A1I6R019
V9W4V2	A0A1H3BB23
V9W4V2	A0A2V2YRS9
V9W4V2	A0A7W5C5M9
V9W4V2	K4ZNE4
V9W4V2	A0A383RFA1
V9W4V2	S9SRJ4
V9W4V2	A0A1G7LKS3
V9W4V2	A0A1E1VP79
V9W4V2	F5LRY3
V9W4V2	A0A1H6C592
V9W4V2	H3SMJ6
A0A7D7C772	A0A7D7C772
A0A7D7C772	UPI0011C8FD68
A0A7D7C772	UPI001D06DD38
A0A7D7C772	UPI00084F0077
A0A7D7C772	UPI0011DDB889
A0A7D7C772	UPI001E6371F1
A0A7D7C772	UPI00084F48AA
A0A7D7C772	UPI00125E9E3C
A0A7D7C772	UPI000853BE2A
A0A7D7C772	UPI001292F1F4
A0A7D7C772	UPI00201D60BB
A0A7D7C772	UPI00089DF302
A0A7D7C772	UPI001293911D
A0A7D7C772	UPI00204244DF
A0A7D7C772	UPI0008FAFDA9
A0A7D7C772	UPI001297CF22
A0A7D7C772	UPI00209B8DA1
A0A7D7C772	O35010
A0A7D7C772	UPI000988E220
A0A7D7C772	UPI001362F2FA
A0A7D7C772	UPI0020C349A2
A0A7D7C772	UPI0009B6582A
A0A7D7C772	UPI0013637654
A0A7D7C772	UPI002115E938
A0A7D7C772	UPI0001F5C283
A0A7D7C772	UPI000A35B90C
A0A7D7C772	UPI00136426EE
A0A7D7C772	UPI00214A025A
A0A7D7C772	UPI00022BA673
A0A7D7C772	UPI000B4D6151
A0A7D7C772	UPI0013748B15
A0A7D7C772	UPI0021558C01
A0A7D7C772	UPI000259803B
A0A7D7C772	UPI000B7747D1
A0A7D7C772	UPI00137891F4
A0A7D7C772	UPI00227E98D5
A0A7D7C772	UPI00034D04C1
A0A7D7C772	UPI000BAF9C88
A0A7D7C772	UPI00137907E5
A0A7D7C772	UPI002283139C
A0A7D7C772	UPI0003962941
A0A7D7C772	UPI000C792881
A0A7D7C772	UPI0013CF44D8
A0A7D7C772	UPI00228586E0
A0A7D7C772	UPI0003A0D851
A0A7D7C772	UPI000CD20B9E
A0A7D7C772	UPI0013D6A818
A0A7D7C772	UPI0003FD3D4A
A0A7D7C772	UPI000CDB8A5C
A0A7D7C772	UPI00142D94C6
A0A7D7C772	UPI0004058ADF
A0A7D7C772	UPI000E8FC827
A0A7D7C772	UPI00142FFF53
A0A7D7C772	UPI0004A04D21
A0A7D7C772	UPI000F0778FA
A0A7D7C772	UPI0014307D22
A0A7D7C772	UPI0004E6D037
A0A7D7C772	UPI000F4A9D12
A0A7D7C772	UPI00145B2C8C
A0A7D7C772	UPI00053034CD
A0A7D7C772	UPI000F51FECD
A0A7D7C772	UPI00155AD861
A0A7D7C772	UPI000589F56A
A0A7D7C772	UPI000F542F94
A0A7D7C772	UPI00155F757B
A0A7D7C772	UPI00059D1E24
A0A7D7C772	UPI000F630F95
A0A7D7C772	UPI00155FDC8A
A0A7D7C772	UPI00059DAC9C
A0A7D7C772	UPI000FF8D6AB
A0A7D7C772	UPI00156B00EC
A0A7D7C772	UPI00059DF3DF
A0A7D7C772	UPI000FFE1475
A0A7D7C772	UPI0015E69D54
A0A7D7C772	UPI0005A428D2
A0A7D7C772	UPI001009E26F
A0A7D7C772	UPI001628D979
A0A7D7C772	UPI00061DCDF5
A0A7D7C772	UPI00100A0F6B
A0A7D7C772	UPI00165A4320
A0A7D7C772	A0A8F7XI10
A0A7D7C772	UPI00063FD768
A0A7D7C772	UPI00102ECC5C
A0A7D7C772	UPI00165CE0F6
A0A7D7C772	A0A8F9STE8
A0A7D7C772	UPI00065D5F60
A0A7D7C772	UPI00178CDD57
A0A7D7C772	A0A6A8FTF0
A0A7D7C772	A0A8G0TVL2
A0A7D7C772	UPI0006A7FEE8
A0A7D7C772	UPI001066DF5D
A0A7D7C772	UPI0018E95892
A0A7D7C772	A0A8I2B7A7
A0A7D7C772	UPI0006A895C1
A0A7D7C772	UPI00114DA814
A0A7D7C772	UPI001B262D74
A0A7D7C772	UPI0007AF4C9C
A0A7D7C772	UPI00119A58AF
A0A7D7C772	UPI001C219811
A0A7D7C772	UPI0007E51093
A0A7D7C772	UPI0011AAB6EB
A0A7D7C772	UPI001C24AB12
A0A7D7C772	UPI00083FEE74
A0A7D7C772	UPI0011AADBF7
A0A7D7C772	UPI001C24B084
A0A7D7C772	UPI00084653E7
A0A7D7C772	UPI001FB405DE
A0A7D7C772	UPI00106322F1
A0A916BQR8	A0A916BQR8
A0A916BQR8	A0A1V5WBM4
A0A916BQR8	A0A1V5VNS6
A0A0J1FLR6	A0A0J1FLR6
A0A2S9YFI4	A0A2S9YFI4
A0A174E8P5	A0A174E8P5
A0A174E8P5	A0A6N3A1S5
A0A174E8P5	A0A1C6CHR2
A0A174E8P5	A0A6N2ZEM6
A0A174E8P5	A0A1C5QEB1
A0A1T4UDV6	A0A1T4UDV6
A0A1T4UDV6	A0A1Y6L231
A0A1T4UDV6	A0A1Y6MQH2
A0A1T4UDV6	A0A1Y6MUC8
A0A1T4UDV6	A0A2X1WCF1
A0A1T4UDV6	A0A1T5I5A5
A0A3P1BK63	A0A3P1BK63
A0A6M1YJ42	A0A6M1YJ42
A0A6F8ZGF4	A0A6F8ZGF4
A0A8B4YK50	A0A8B4YK50
A0A8B4YK50	A0A7H4UHU4
A0A8B4YK50	A0A199QGC2
A0A8B4YK50	A0A2S9VQ97
A0A8B4YK50	A0A2S9VWX9
A0A8B4YK50	A0A2R3JQ84
A0A8B4YK50	A0A837NG43
A0A8B4YK50	A0A166PAQ3
A0A8B4YK50	A0A6P1PI23
A0A8B4YK50	A0A2R3JWI6
A0A8B4YK50	A0A660DUY8
A0A8B4YK50	A0A1W6NUB1
A0A8B4YK50	A0A151G1C0
A0A8B4YK50	A0A1E3KWC1
A0A1C5KMM8	A0A1C5KMM8
A0A1C5VJV2	A0A1C5VJV2
A0A1C6KPI7	A0A1C6KPI7
A0A1V4SIA2	A0A1V4SIA2
A0A1V5YPB2	A0A1V5YPB2
A0A2R8AFF2	A0A2R8AFF2
A0A378I0S2	A0A378I0S2
A0A917VZF3	A0A917VZF3
A0A917VZF3	A0A5K7WW72
U5Q6I1	U5Q6I1
A0A1V6BVN9	A0A1V6BVN9
A0A1V5YL97	A0A1V5YL97
A0A381ECX2	A0A381ECX2
A0A5P9QD35	A0A5P9QD35
A0A5P9QD35	A0A168FWE9
A0A829ZIN9	A0A829ZIN9
A0A1E3L7B8	A0A1E3L7B8
A0A6F9XLF6	A0A6F9XLF6
A0A6F9XLF6	A0A6F9Y850
A0A6F9XLF6	A0A6F9YP23
A0A6F9XLF6	A0A829ZMP2
A0A024Q7X5	A0A024Q7X5
A0A024Q7X5	A0A806TQ60
A0A024Q7X5	A0A090YKG8
A0A024Q7X5	J8IMQ4
A0A024Q7X5	Q736M3
A0A024Q7X5	A0A1Y6AJR7
A0A024Q7X5	A0A1Y6AWI1
A0A024Q7X5	A0A2P0HF70
A0A024Q7X5	A0A1B1L6V9
A0A024Q7X5	A0A2S9XVU2
A0A0P8W459	A0A0P8W459
A0A151AKB7	A0A151AKB7
A0A1C5KNM7	A0A1C5KNM7
A0A1C5KNM7	A0A4U8Q2P8
A0A1C5VQP2	A0A1C5VQP2
A0A1C6KPN5	A0A1C6KPN5
A0A1V4SPK4	A0A1V4SPK4
A0A1V6B291	A0A1V6B291
A0A378MH08	A0A378MH08
R5E8N9	R5E8N9
UPI0001CF73DB	UPI0001CF73DB
A0A328N7T9	A0A328N7T9
A0A328N7T9	A0A328NGX8
A0A3D0KMZ9	A0A3D0KMZ9
A0A928K5J0	A0A928K5J0
A0A928K5J0	A0A3A9GL57
A0A928K5J0	A0A316P6S0
A0A928K5J0	A0A3D0Z3Q4
A0A928K5J0	A0A970FUE6
A0A928K5J0	A0A357WRL2
A0A928K5J0	A0A970N7P1
A0A928K5J0	A0A1V5S595
A0A928K5J0	A0A3D5TKR5
A0A928K5J0	A0A928PTA1
A0A928K5J0	A0A926HT18
A0A928K5J0	A0A928KLG5
A0A928K5J0	A0A3C0X2P4
A0A928K5J0	A0A3D1HXW2
A0A928K5J0	A0A3D2A9H6
A0A928K5J0	A0A1C5YFQ8
A0A928K5J0	A7VT68
A0A928K5J0	A0A7C7AQD7
A0A928K5J0	A0A3D0NTZ4
A0A928K5J0	A0A355TWJ6
A0A928K5J0	A0A3C1CVP8
A0A928K5J0	A0A2N0UI41
A0A928K5J0	A0A2N0UYX4
A0A928K5J0	A0A3D2QTT4
A0A928K5J0	A0A1C6HWL1
A0A928K5J0	A0A373KNM1
A0A928K5J0	A0A373KS91
A0A928K5J0	A0A374N0C0
A0A928K5J0	A0A374UMR1
A0A928K5J0	A0A412DTU4
A0A928K5J0	A0A412L9N7
A0A928K5J0	A0A3D2HNQ3
A0A928K5J0	A0A3D0X651
A0A928K5J0	A0A970U5P3
A0A0U5ATN0	A0A0U5ATN0
A0A0U5ATN0	A0A0D1WDC9
A0A0U5ATN0	U1WU05
A0A0U5ATN0	A0A1G8D0L4
A0A0U5ATN0	A0A4R3KK00
A0A162TRS5	A0A162TRS5
A0A174DPP8	A0A174DPP8
A0A174DPP8	A0A1C6DZ40
A0A174DPP8	A0A1C6FHR0
A0A174DPP8	A0A173RM29
A0A174DPP8	A0A174TPR8
A0A174DPP8	A0A173UKT6
A0A174DPP8	A0A6N2QZH2
A0A174DPP8	A0A174C4S4
A0A174DPP8	A0A174FMR5
A0A1G4G4Z7	A0A1G4G4Z7
A0A2H6EYC2	A0A2H6EYC2
R6BGB2	R6BGB2
R6BGB2	R5AAF1
A0A1I5ZX75	A0A1I5ZX75
A0A2V2YMD5	A0A2V2YMD5
A0A2V2YMD5	A0A3D9HQH5
A0A949RNE6	A0A949RNE6
A0A1S8L7Q9	A0A1S8L7Q9
A0A239ZEX4	A0A239ZEX4
A0A239ZEX4	A0A133S199
A0A239ZEX4	A0A6N3BQL0
A0A916KA10	A0A916KA10
A0A285TJT8	A0A285TJT8
A0A285TJT8	A0A285URD1
A0A285TJT8	A0A4R2BL39
A0A285TJT8	U5L9M4
A0A285TJT8	A0A562JCA3
A0A285TJT8	A0A366JQH0
A0A285TJT8	A0A1H8EXS6
A0A285TJT8	A0A8J2ZPT7
A0A285TJT8	A0A4R3NA36
A0A285TJT8	A0A0B0IHH8
A0A6M2A7B7	A0A6M2A7B7
A0A916HNI5	A0A916HNI5
A0A2K9NEV4	A0A2K9NEV4
A0A4Q9Y2B2	A0A4Q9Y2B2
A0A4Q9Y2B2	A0A151G438
A0A4Q9Y2B2	A0A837NKK7
A0A4Q9Y2B2	A0A2S1T6S5
A0A4Q9Y2B2	A0A199QI91
A0A4Q9Y2B2	A0A2S9VHJ2
A0A4Q9Y2B2	A0A2S9VHR4
A0A4Q9Y2B2	A0A3M6KJ44
A0A4Q9Y2B2	A0A8D4N9Q9
A0A4Q9Y2B2	A0A3R8KZD9
A0A163ZA77	A0A163ZA77
A0A1C5NTX1	A0A1C5NTX1
A0A1C5NTX1	A0A1C6CM46
A0A1C5NTX1	A0A6N3HJC1
A0A1C5NTX1	A0A0F0CGA5
A0A1C6A4C0	A0A1C6A4C0
A0A1C6A4C0	A0A0F0CJY0
A0A1C6A4C0	A0A6N2TU31
A0A1V5CDR4	A0A1V5CDR4
A0A6N2VVZ6	A0A6N2VVZ6
A0A837EFI4	A0A837EFI4
A0A837EFI4	A0A498TVJ0
A0A837EFI4	A0A5C0WLA1
A0A837EFI4	A0A1K2BB55
A0A837EFI4	M5QZR4
A0A837EFI4	K2NAB6
A0A1E3KYI8	A0A1E3KYI8
A0A2C9D077	A0A2C9D077
A0A2C9D077	A0A1E3H7T8
A0A2C9D077	A0A0M6Y3I1
A0A2C9D077	A0A0M6ZUG8
A0A2T0BMT3	A0A2T0BMT3
A0A2T0BMT3	A0A8S0YF99
A0A2T0BMT3	A0A151AKQ8
K1KPT3	K1KPT3
W4QUP1	W4QUP1
A0A7U9MPR8	A0A7U9MPR8
A0A7U9MPR8	A0A1C5PT26
A0A7U9MPR8	A0A7U9MW06
A0A940ZKM3	A0A940ZKM3
A0A348ANV7	A0A348ANV7
A0A348ANV7	A0A259UA47
A0A348ANV7	A0A212LTD2
A0A348ANV7	A0A259UKL0
A0A348ANV7	A0A239TQ27
A0A348ANV7	A0A173WBD2
A0A6C1VQR4	A0A6C1VQR4
A0A6C1VQR4	A0A7Z1B5S4
A0A6C1VQR4	M5NZY7
A0A6C1VQR4	A0A1C3SKD6
A0A6C1VQR4	A0A0D1KRP9
A0A6C1VQR4	A0A8B5YHC2
A0A6C1VQR4	Q0KG20
A0A6C1VQR4	UPI001BDB9821
A0A6C1VQR4	A0A8G0TN23
A0A6C1VQR4	UPI0004649A92
A0A6C1VQR4	UPI0009F7343A
A0A6C1VQR4	UPI001293C30E
A0A6C1VQR4	UPI0022807482
A0A6C1VQR4	A0A8G0WK54
A0A6C1VQR4	UPI0004679F71
A0A6C1VQR4	UPI000ACC93C1
A0A6C1VQR4	UPI00137484FB
A0A6C1VQR4	UPI002280A9D8
A0A6C1VQR4	A0A6A8FPK7
A0A6C1VQR4	UPI000493F016
A0A6C1VQR4	UPI000B3E49FD
A0A6C1VQR4	UPI0013783F42
A0A6C1VQR4	UPI002280E66F
A0A6C1VQR4	UPI0004946308
A0A6C1VQR4	UPI000B42DF4B
A0A6C1VQR4	UPI0013BA2BEA
A0A6C1VQR4	UPI0022814A49
A0A6C1VQR4	A0A6H0WSD3
A0A6C1VQR4	UPI00049F76D6
A0A6C1VQR4	UPI000B443AAC
A0A6C1VQR4	UPI0013D00892
A0A6C1VQR4	UPI0022815E9D
A0A6C1VQR4	A0A6H2JVI1
A0A6C1VQR4	UPI0004CFD86E
A0A6C1VQR4	UPI000B52EECE
A0A6C1VQR4	UPI0013D16301
A0A6C1VQR4	UPI0022818CAC
A0A6C1VQR4	UPI000516E55C
A0A6C1VQR4	UPI000BA8553F
A0A6C1VQR4	UPI00178CAB6D
A0A6C1VQR4	UPI0022820454
A0A6C1VQR4	UPI00056F566C
A0A6C1VQR4	UPI000C77A590
A0A6C1VQR4	UPI0022820F59
A0A6C1VQR4	UPI000589D2F9
A0A6C1VQR4	UPI000C9EEC13
A0A6C1VQR4	UPI001BDB9C6D
A0A6C1VQR4	UPI0022821518
A0A6C1VQR4	UPI0005974F89
A0A6C1VQR4	UPI000CD09DF8
A0A6C1VQR4	UPI001BDBA3BA
A0A6C1VQR4	UPI0022826123
A0A6C1VQR4	UPI00059DF5E3
A0A6C1VQR4	UPI000CDA6085
A0A6C1VQR4	UPI001BDBAE37
A0A6C1VQR4	UPI002282704F
A0A6C1VQR4	A0A164YHE1
A0A6C1VQR4	UPI0005A13DEE
A0A6C1VQR4	UPI000CDA693A
A0A6C1VQR4	UPI001CDCD0C5
A0A6C1VQR4	UPI0022827E05
A0A6C1VQR4	D9I2X1
A0A6C1VQR4	UPI0005A4B94F
A0A6C1VQR4	UPI000D777A7F
A0A6C1VQR4	UPI001E554A75
A0A6C1VQR4	UPI0022829E52
A0A6C1VQR4	E0U4Y9
A0A6C1VQR4	UPI0005B669D6
A0A6C1VQR4	UPI000E2F7ABF
A0A6C1VQR4	UPI001E633981
A0A6C1VQR4	UPI0022AA0C16
A0A6C1VQR4	UPI0005C79CE7
A0A6C1VQR4	UPI000E721E70
A0A6C1VQR4	UPI001EE09278
A0A6C1VQR4	G4P1I6
A0A6C1VQR4	UPI00065D4A9B
A0A6C1VQR4	UPI000E7329F2
A0A6C1VQR4	UPI001FD8A655
A0A6C1VQR4	UPI000670C5C7
A0A6C1VQR4	UPI000F096D61
A0A6C1VQR4	UPI00202A5E4F
A0A6C1VQR4	UPI000683E4AC
A0A6C1VQR4	UPI000F48C209
A0A6C1VQR4	UPI00202AEE24
A0A6C1VQR4	UPI00069FAEAB
A0A6C1VQR4	UPI000F5261DA
A0A6C1VQR4	UPI00202B276E
A0A6C1VQR4	UPI0006A80776
A0A6C1VQR4	UPI000F5290EB
A0A6C1VQR4	UPI00203FE57C
A0A6C1VQR4	UPI000745D6BE
A0A6C1VQR4	UPI000F543356
A0A6C1VQR4	UPI0020B33D17
A0A6C1VQR4	M4KWM6
A0A6C1VQR4	UPI00086B51F1
A0A6C1VQR4	UPI000F63D0B6
A0A6C1VQR4	UPI0020B42058
A0A6C1VQR4	UPI00089E02E9
A0A6C1VQR4	UPI0010099A0F
A0A6C1VQR4	UPI002116E6B1
A0A6C1VQR4	UPI000932BB62
A0A6C1VQR4	UPI00103AB842
A0A6C1VQR4	UPI0021C84FAB
A0A6C1VQR4	UPI000932DB22
A0A6C1VQR4	UPI00105F0AE2
A0A6C1VQR4	UPI00227D9AB6
A0A6C1VQR4	A0A0D1KI97
A0A6C1VQR4	UPI0009529A1A
A0A6C1VQR4	UPI0010634B49
A0A6C1VQR4	UPI00227E2780
A0A6C1VQR4	P96740
A0A6C1VQR4	UPI000970A346
A0A6C1VQR4	UPI001066ADF0
A0A6C1VQR4	UPI00227E3695
A0A6C1VQR4	UPI0009B305BC
A0A6C1VQR4	UPI001150F02D
A0A6C1VQR4	UPI00227ECBD2
A0A6C1VQR4	A0A8D5WFY9
A0A6C1VQR4	UPI0009B51D35
A0A6C1VQR4	UPI0011A078B2
A0A6C1VQR4	UPI00227F6679
A0A6C1VQR4	UPI0009B547DC
A0A6C1VQR4	UPI0011C9B9A7
A0A6C1VQR4	UPI00228023C3
A0A6C1VQR4	A0A8F7SM63
A0A6C1VQR4	UPI00022BB1F2
A0A6C1VQR4	UPI0009B5599B
A0A6C1VQR4	UPI0011DCA035
A0A6C1VQR4	UPI002280504B
A0A6C1VQR4	A0A8F9X3R1
A0A6C1VQR4	UPI0002A14634
A0A6C1VQR4	UPI0009F5A88F
A0A6C1VQR4	UPI0011E8E255
A0A6C1VQR4	UPI00228070D2
A0A6C1VQR4	E9NPA6
A0A6C1VQR4	I2HW05
A0A6C1VQR4	A0A7W4LV96
A0A6C1VQR4	A0A4V7TTP2
A0A6C1VQR4	S6FKS7
A0A6C1VQR4	A0A498U217
A0A6C1VQR4	M5RJH3
A0A6C1VQR4	A0A5C0WI84
A0A6C1VQR4	A0A917ET50
A0A6C1VQR4	I0JQV7
A0A6C1VQR4	A0A0B6AVY6
A0A6C1VQR4	A0A806UC77
A0A6C1VQR4	A0A8D4BIG3
A0A8S0GDS2	A0A8S0GDS2
A0A174N6D9	A0A174N6D9
A0A174N6D9	A0A174R579
A0A174N6D9	A0A174VJ40
A0A174N6D9	A0A1C5Q0B8
A0A174N6D9	A0A1C5YRA5
A0A174N6D9	A0A174F2M5
A0A174N6D9	A0A1C5KNH6
A0A174N6D9	A0A7U9SSU3
A0A174N6D9	A0A564W4X4
A0A1V4WUU8	A0A1V4WUU8
A0A1V4WUU8	A0A1V4WXU4
A0A1V4WUU8	A0A1V5C642
A0A1V4WUU8	A0A1V5CPL6
A0A1V4WUU8	A0A1V6IK87
A0A1V4WUU8	A0A1V5DKK7
A0A6M1ZZ67	A0A6M1ZZ67
A0A077MGS3	A0A077MGS3
A0A4Q2I166	A0A4Q2I166
A0A4Q2I166	A0A1G9Y2Y3
A0A4Q2I166	A0A1I1RZP0
A0A4Q2I166	A0A5P0YBY6
A0A4Q2I166	A0A4Q7QRJ2
A0A4Q2I166	A0A1I1S0D0
A0A4Q2I166	A0A5P0YG36
A0A098EIW5	A0A098EIW5
A0A098EIW5	A0A3P5XBV8
A0A0U4WCU3	A0A0U4WCU3
A0A162R583	A0A162R583
A0A1C5ZDE9	A0A1C5ZDE9
A0A1C5ZDE9	A0A1C6IXD6
A0A1C5ZDE9	A0A1M4ZJU8
A0A2H5ZIX1	A0A2H5ZIX1
A0A2T0MBL5	A0A2T0MBL5
A0A380ZWG3	A0A380ZWG3
A0A449D861	A0A449D861
A0A564UDL0	A0A564UDL0
A0A564UDL0	A0A174QGN6
A0A6N2U4F9	A0A6N2U4F9
A0A6N2U4F9	A0A174CBG2
A0A6N2U4F9	A0A1C5Z197
A0A6N2U4F9	A0A174SY38
A0A6N2U4F9	A0A173SYG7
A0A6N2U4F9	A0A173T2N3
K1KS64	K1KS64
A0A1G9UKA7	A0A1G9UKA7
A0A1I5NXJ9	A0A1I5NXJ9
A0A1I5NXJ9	A0A1G7ZJU4
A0A1I5NXJ9	A0A1G8C1J0
A0A1I5NXJ9	A0A1I1ZN25
A0A1I5NXJ9	A0A1I4M5W7
A0A942PKR4	A0A942PKR4
A0A0X7BAL7	A0A0X7BAL7
A0A0X7BAL7	A0A6J4GK14
A0A1K9ZY75	A0A1K9ZY75
A0A239TX81	A0A239TX81
A0A239TX81	A0A173YI13
A0A377Q628	A0A377Q628
A0A8S0GPC8	A0A8S0GPC8
R6FSX8	R6FSX8
R6FSX8	R5YP05
R6FSX8	A5Z534
R6FSX8	R5KSG7
A0A841EPG5	A0A841EPG5
A0A841EPG5	W4B054
A0A841EPG5	A0A7Z7G2G4
A0A841EPG5	A0A2W0CJW2
A0A841EPG5	A0A1G9Z9J7
A0A841EPG5	A0A2V4WA24
A0A841EPG5	A0A100VJ97
A0A841EPG5	A0A2M9MPH8
A0A841EPG5	A0A368VUW8
A0A841EPG5	A0A3N6CAZ5
A0A841EPG5	A0A855Y176
A0A841EPG5	A0A1G5IFD4
A0A841EPG5	A0A927LKR4
A0A841EPG5	A0A1G6Q1J7
A0A841EPG5	A0A1H3YX95
A0A841EPG5	A0A1I2A196
A0A841EPG5	A0A3D9KDB8
A0A841EPG5	A0A940PM97
A0A841EPG5	H6NJ06
A0A841EPG5	A0A1H7RDY5
A0A841EPG5	A0A1I4G566
A0A841EPG5	A0A1I6PYZ5
A0A841EPG5	A0A1H2RNT9
A0A841EPG5	A0A1H1NLS6
A0A841EPG5	A0A1N6XPL3
A0A841EPG5	A0A2N5N4R9
A0A841EPG5	F8FNK7
A0A841EPG5	A0A1G4RTX8
A0A841EPG5	A0A369BQA4
A0A841EPG5	A0A1G7MPY7
A0A841EPG5	A0A7W3SU43
A0A841EPG5	G7W4F3
A0A841EPG5	A0A8I2BY96
A0A841EPG5	H6CGK4
A0A841EPG5	A0A378XWU8
A0A841EPG5	A0A1H4M779
A0A841EPG5	A0A1G8EWL0
A0A841EPG5	A0A0B0ICE3
A0A841EPG5	A0A1I3NQM2
A0A841EPG5	A0A5S5C3B1
A0A841EPG5	A0A3D9RT04
A0A841EPG5	A0A7W5FM21
A0A841EPG5	A0A1H8A448
A0A841EPG5	A0A1I1AAH5
A0A841EPG5	A0A3D9IUZ7
A0A841EPG5	A0A1K1M666
A0A841EPG5	A0A916NQI9
A0A841EPG5	A0A1X7LIP8
A0A7U9MXQ8	A0A7U9MXQ8
A0A140L960	A0A140L960
A0A1S8NWX3	A0A1S8NWX3
A0A1S8NWX3	A0A1S8SBL5
A0A251XWU1	A0A251XWU1
A0A251XWU1	A0A251YMT2
A0A251XWU1	A0A251Z262
A0A378Q1P0	A0A378Q1P0
A0A378Q1P0	A0A378Q7Y3
A0A919WN25	A0A919WN25
A0A0A2VBZ4	A0A0A2VBZ4
A0A0A2VBZ4	A0A0A2TFV7
A0A2M8TZZ9	A0A2M8TZZ9
A0A349QQV8	A0A349QQV8
A0A349QQV8	R6PMA1
A0A349QQV8	A0A6N3F099
A0A349QQV8	A0A173SDE8
A0A349QQV8	A0A2V2CS49
A0A349QQV8	A0A357B1L4
A0A349QQV8	A0A6L5YQR6
A0A349QQV8	R6X7U2
A0A349QQV8	R5PW20
A0A349QQV8	R6B644
A0A349QQV8	R6QF42
A0A349QQV8	A0A0M6WWS7
A0A349QQV8	A0A351R3V3
A0A349QQV8	R7L7F2
A0A349QQV8	R7MC58
A0A349QQV8	A0A358PG88
A0A349QQV8	A0A351ATK1
A0A349QQV8	A0A970Y920
A0A349QQV8	A0A1Q6TG45
A0A349QQV8	A0A316NQJ4
A0A349QQV8	A0A3D4EG38
A0A349QQV8	A0A3D6BHZ5
A0A349QQV8	A0A970K4U8
A0A349QQV8	A0A1M5YA39
A0A349QQV8	A0A350S201
A0A349QQV8	A0A3C2DWB0
A0A349QQV8	A0A7C6FUJ4
A0A349QQV8	R6Z8U6
A0A349QQV8	A0A173SB35
A0A349QQV8	A0A1C5QEF8
A0A349QQV8	A0A3D2PX99
A0A349QQV8	A0A358PT18
A0A349QQV8	R7R2V1
A0A349QQV8	A0A971BG60
A0A349QQV8	A0A1Q6SLD7
A0A349QQV8	A0A3D5LLX7
A0A349QQV8	A0A7U9WZ47
A0A349QQV8	A0A847WC53
A0A349QQV8	R6YTV6
A0A349QQV8	R7GGL2
A0A349QQV8	A0A3D2GBA7
A0A349QQV8	A0A174G463
A0A349QQV8	A0A3D4Y6H0
A0A349QQV8	G2SX75
A0A349QQV8	R7ITK9
A0A349QQV8	R6Z7V1
A0A349QQV8	A0A971CFW4
A0A349QQV8	R5N6Z6
A0A4R1N543	A0A4R1N543
A0A174EN32	A0A174EN32
A0A174EN32	A0A173TXE3
A0A174EN32	A0A173Y9D9
A0A174EN32	A0A1C5XV24
A0A174EN32	A0A173TCP1
A0A174EN32	A0A174CGJ4
A0A174EN32	A0A174JP72
A0A174EN32	A0A173YAR0
A0A174EN32	A0A1C5XUZ9
A0A174EN32	A0A1C5T7X7
A0A174EN32	A0A1C5N7J6
A0A174EN32	A0A564U2D1
A0A174EN32	A0A0U5JII4
A0A174EN32	A0A174DTW2
A0A1C6ADJ8	A0A1C6ADJ8
A0A1V5DCT9	A0A1V5DCT9
A0A1V5DCT9	A0A1V4WKF7
A0A1V5DCT9	A0A1V5C2W7
A0A6N2W4T9	A0A6N2W4T9
A0A6N2W4T9	A0A108T752
A0A6N2W4T9	A0A2M9V3Z7
A0A6N2W4T9	A0A0P0FDA5
A0A6N2W4T9	A0A0P0GID1
A0A6N2W4T9	A0A1C5SRP4
A0A6N2W4T9	A0A7J0A7V6
C2KWA3	C2KWA3
C2KWA3	A0A7W9SHJ5
C2KWA3	D4CM90
A0A4V3CSG6	A0A4V3CSG6
A0A7U9N0N3	A0A7U9N0N3
A0A7U9N0N3	A0A2K4ZC18
A0A7U9N0N3	A0A6N2RX49
A0A7U9N0N3	A0A1C5NS39
A0A7U9N0N3	A0A1C5NTT5
A0A7U9N0N3	A0A1C5ZXH7
A0A7U9N0N3	A0A1C5PZ11
A0A143Q8D1	A0A143Q8D1
A0A143Q8D1	A0A0J6W5Q2
A0A0P9AH63	A0A0P9AH63
A0A174RHF1	A0A174RHF1
A0A174RHF1	A0A1C5P0J3
A0A174RHF1	A0A564SQR2
A0A174RHF1	A0A1C5X989
A0A174RHF1	A0A173Z3W7
A0A174RHF1	A0A143XD01
A0A174RHF1	A0A174M4B0
A0A174RHF1	A0A1C6BD54
A0A174RHF1	A0A174VAJ2
A0A174RHF1	A0A1C6GAP6
A0A174RHF1	A0A1C5VNC7
A0A174RHF1	A0A173U138
A0A174RHF1	A0A173WZX5
A0A174RHF1	A0A174E351
A0A1V4XN89	A0A1V4XN89
A0A2H5WX43	A0A2H5WX43
C5C6Z4	C5C6Z4
C5C6Z4	A0A132HN74
C5C6Z4	A0A378NIG8
A0A0B7MQS5	A0A0B7MQS5
A0A2N2CPI6	A0A2N2CPI6
A0A2K9E4F8	A0A2K9E4F8
A0A2K9E4F8	A0A140L496
E2CGT6	E2CGT6
A0A2P8HWB3	A0A2P8HWB3
A0A0L6Z818	A0A0L6Z818
A0A174KQX2	A0A174KQX2
A0A174KQX2	A0A173R646
A0A174KQX2	A0A173YY14
A0A1C6DUA5	A0A1C6DUA5
A0A1V5LSZ0	A0A1V5LSZ0
A0A2K9DWZ2	A0A2K9DWZ2
A0A385BU75	A0A385BU75
A0A385BU75	A0A8T9DWY8
A0A385BU75	A0A7L4ZEX7
A0A385BU75	A0A2X2SSC2
A0A4P6LXS6	A0A4P6LXS6
D3G001	D3G001
D3G001	W4Q1R8
D3G001	A0A562QCX9
D3G001	A0A1H3L9D0
D3G001	Q9KCG8
D3G001	A0A1X9MDR3
D3G001	W4QAJ2
D3G001	A0A840QNL4
W7Y665	W7Y665
A0A1H0C001	A0A1H0C001
A0A1H0C001	A0A3N5BWX9
A0A1I0BTW5	A0A1I0BTW5
A0A1I0BTW5	C0D0G2
A0A1I0BTW5	A0A1C5QXJ1
A0A1I0BTW5	A0A1C5LR90
A0A1I0BTW5	A0A4R2KJK1
A0A1I0BTW5	A0A4V0Z7F5
A0A1I6KY25	A0A1I6KY25
A0A1I6KY25	A0A2V3YD31
A0A1I6KY25	A0A6N3GSG0
A0A1I6KY25	A0A1I0G2J4
A0A1I6KY25	A0A1C5XGD7
A0A1I6KY25	A0A0F0C6W3
A0A2W7MNT1	A0A2W7MNT1
A0A7U9R122	A0A7U9R122
A0A7U9R122	A0A7U9MNW5
A0A7U9R122	A0A7U9WVT8
A0A161I7N8	A0A161I7N8
A0A259UIB8	A0A259UIB8
A0A379CGH3	A0A379CGH3
A0A6N3I5I0	A0A6N3I5I0
C2ZHC9	C2ZHC9
A0A1V5C9Y8	A0A1V5C9Y8
A0A4Y7R8Q8	A0A4Y7R8Q8
A0A4Y7R8Q8	A0A4Y7S7B8
A0A4Y7R8Q8	A0A4Y7RTG8
E4MQ17	E4MQ17
E4MQ17	A0A7Z8YG80
A0A3D1LC86	A0A3D1LC86
A0A3D1LC86	R5ITP1
A0A3D1LC86	R6LPT0
A0A7X3JY59	A0A7X3JY59
A0A7X3JY59	A0A410WPK4
A0A7X3JY59	A0A6B8RHF6
A0A928NUY4	A0A928NUY4
A0A928NUY4	A0A928F840
A0A0M6XNK8	A0A0M6XNK8
A0A0M6XNK8	A0A0M6YGY7
A0A0M6XNK8	A0A0M7BHA5
A0A0M6XNK8	A0A0P1EXJ2
A0A0M6XNK8	A0A0P1H8N2
A0A174NG16	A0A174NG16
A0A174NG16	A0A174BWQ9
A0A174NG16	A0A174Q425
A0A174NG16	A0A174VIW5
A0A174NG16	A0A174AG47
A0A174NG16	A0A6N2TRR7
A0A174NG16	A0A1C5R308
A0A174NG16	A0A1C5NZ59
A0A174NG16	A0A1C5RKE6
A0A174NG16	A0A1C5M0E1
A0A174NG16	A0A564W8N3
A0A174NG16	A0A3S5ARJ9
A0A6V7QZQ8	A0A6V7QZQ8
R7F3K0	R7F3K0
A0A120MYW0	A0A120MYW0
A0A1C6FXM9	A0A1C6FXM9
A0A1Y2N617	A0A1Y2N617
A0A4U8Q5S6	A0A4U8Q5S6
R7C958	R7C958
A0A7U9RTF9	A0A7U9RTF9
A0A1U7MJW2	A0A1U7MJW2
A0A1U7MJW2	A0A259UVF4
A0A1U7MJW2	A0A212LTT3
A0A380NJE3	A0A380NJE3
A0A6P2EXD0	A0A6P2EXD0
A0A6P2EXD0	A0A6P2ELK7
A0A6P2EXD0	A0A6P2F163
A0A6P2EXD0	A0A6P2FDW0
A0A6P2EXD0	W7X850
A0A2T0AVI9	A0A2T0AVI9
A0A2T0AVI9	A0A151B0C6
A0A2T0AVI9	A0A1D7XDQ2
A0A2T0AVI9	A0A1J5JJW8
A0A2T0AVI9	A0A1J5NHE0
A0A2T0AVI9	A0A853W2E7
A0A6V7R5K0	A0A6V7R5K0
K1L129	K1L129
A0A165B3M3	A0A165B3M3
A0A165B3M3	A0A8G0S7I1
A0A165B3M3	UPI0022864AF2
A0A165B3M3	A0A0M2PCH6
A0A165B3M3	UPI00155FFE64
A0A165B3M3	UPI0008FB71ED
A0A165B3M3	S7VHP7
A0A165B3M3	A0A0T6BMY2
A0A165B3M3	A0A179SV92
A0A165B3M3	UPI00203B6123
A0A165B3M3	UPI000745E235
A0A165B3M3	UPI001363BBCC
A0A165B3M3	UPI0022815CEC
A0A165B3M3	A0A6H2JRD4
A0A165B3M3	A0A8G0TKA2
A0A165B3M3	UPI0007726AF7
A0A165B3M3	UPI0013748E59
A0A165B3M3	UPI002281B2C3
A0A165B3M3	A0A8I1WEY2
A0A165B3M3	UPI0008404D8A
A0A165B3M3	UPI002281E593
A0A165B3M3	UPI000846E041
A0A165B3M3	UPI0014233C86
A0A165B3M3	UPI00228231F2
A0A165B3M3	A0A8U0I370
A0A165B3M3	UPI00084EEC83
A0A165B3M3	UPI00142E7A1C
A0A165B3M3	UPI0022829694
A0A165B3M3	UPI000853883A
A0A165B3M3	UPI0022829AE4
A0A165B3M3	UPI00086AD777
A0A165B3M3	UPI001575A7A8
A0A165B3M3	UPI002282B726
A0A165B3M3	A0A4R6HZ72
A0A165B3M3	UPI00089DF029
A0A165B3M3	UPI00162A6B03
A0A165B3M3	UPI002282C094
A0A165B3M3	UPI00165AE701
A0A165B3M3	UPI002282E9F7
A0A165B3M3	UPI000989746E
A0A165B3M3	UPI001C22DA20
A0A165B3M3	UPI002282FA9A
A0A165B3M3	UPI0009B6EEB8
A0A165B3M3	UPI001C8E0E07
A0A165B3M3	UPI002282FE0E
A0A165B3M3	UPI000A359907
A0A165B3M3	UPI001D07F4FF
A0A165B3M3	UPI000B43C47F
A0A165B3M3	UPI001E2D3DE8
A0A165B3M3	UPI002286517A
A0A165B3M3	E0TZ07
A0A165B3M3	UPI000BA88689
A0A165B3M3	UPI001EDCDB97
A0A165B3M3	UPI000C9F5C74
A0A165B3M3	UPI001FB33A27
A0A165B3M3	A0A165B9N1
A0A165B3M3	O31852
A0A165B3M3	UPI000CDB9222
A0A165B3M3	UPI000CDD108A
A0A165B3M3	UPI00203BC975
A0A165B3M3	UPI00022BA9AD
A0A165B3M3	UPI000D025373
A0A165B3M3	UPI00203BEEA6
A0A165B3M3	UPI0002A143A0
A0A165B3M3	UPI000E2E6DC9
A0A165B3M3	UPI0021172BB2
A0A165B3M3	UPI0002AC292F
A0A165B3M3	UPI000E75F4B1
A0A165B3M3	UPI00214A7C5D
A0A165B3M3	UPI0002D376C8
A0A165B3M3	UPI000F095EC4
A0A165B3M3	UPI00227DB678
A0A165B3M3	UPI000349A739
A0A165B3M3	UPI000F54963B
A0A165B3M3	UPI00227E1607
A0A165B3M3	UPI0003967051
A0A165B3M3	UPI000FFE19ED
A0A165B3M3	UPI00227E257D
A0A165B3M3	UPI0004A57E4E
A0A165B3M3	UPI001011F76D
A0A165B3M3	UPI00227EDF97
A0A165B3M3	UPI0005051C91
A0A165B3M3	UPI001063442E
A0A165B3M3	UPI00227EFC15
A0A165B3M3	UPI000530298C
A0A165B3M3	UPI00119B5E9E
A0A165B3M3	UPI00227F5731
A0A165B3M3	UPI000589C6A5
A0A165B3M3	UPI0011A68389
A0A165B3M3	UPI00227FCA65
A0A165B3M3	UPI00059C8BEA
A0A165B3M3	UPI0011AA3AD1
A0A165B3M3	UPI0022800047
A0A165B3M3	A0A1Q9FEP1
A0A165B3M3	UPI00059D397A
A0A165B3M3	UPI0011E98663
A0A165B3M3	UPI0022800D78
A0A165B3M3	UPI00061DBF3D
A0A165B3M3	UPI001269420C
A0A165B3M3	UPI002280BA94
A0A165B3M3	UPI000627D625
A0A165B3M3	UPI001292F224
A0A165B3M3	UPI0022813C1C
A0A165B3M3	A0A8F7XDN1
A0A165B3M3	UPI0006A83CC6
A0A165B3M3	UPI0013628966
A0A165B3M3	UPI00228150DA
A0A165B3M3	A0A559UJ42
A0A165B3M3	A0A163Z314
A0A165B3M3	A0A653RX14
A0A165B3M3	A0A081LDX9
A0A165B3M3	A0A837XWB1
A0A165B3M3	A0A6H2JNH6
A0A165B3M3	A0A498TTY2
A0A165B3M3	A0A0P7HAR5
A0A165B3M3	A0A5C0WLU4
A0A165B3M3	A0A5K1L1D7
A0A165B3M3	A0A1L6ZMB6
A0A165B3M3	A0A0B4S8D6
A0A165B3M3	A0A0H1RWP3
A0A165B3M3	UPI0013B81320
A0A165B3M3	A0A0M4FFW6
A0A165B3M3	A0A4U7MX78
A0A165B3M3	A0A7U4HX99
A0A165B3M3	S6FL69
A0A165B3M3	A0A806QNA3
A0A165B3M3	A0A837XVW0
A0A165B3M3	M4KSM2
A0A165B3M3	A0A7U5D4S4
A0A165B3M3	A0A4R6HSY7
A0A165B3M3	A0A6H2JPJ4
A0A165B3M3	A0A837XVR4
A0A165B3M3	A0A837EB24
A0A165B3M3	A0A150F9S4
A0A165B3M3	A0A1H4HAU4
A0A165B3M3	I2HP25
A0A165B3M3	A0A6C1VZ19
A0A165B3M3	A0A1Y0YPK0
A0A165B3M3	A0A7Z1B2U7
A0A165B3M3	A0A1L3MQX6
A0A165B3M3	A0A0M0KF79
A0A165B3M3	A0A1Q9G157
A0A165B3M3	A0A084H117
A0A2R3JUC6	A0A2R3JUC6
A0A2R3JUC6	A0A151G0K1
A0A2R3JUC6	A0A837NKY6
A0A2R3JUC6	A0A1W6NRR5
A0A2R3JUC6	A0A2R3JLY8
A0A2R3JUC6	A0A199QIH8
A0A2R3JUC6	A0A370AB50
A0A2R3JUC6	A0A2S9VV53
A0A356GGC1	A0A356GGC1
A0A356GGC1	R5PSZ8
A0A173S7J0	A0A173S7J0
A0A1C5Q6A7	A0A1C5Q6A7
A0A1C5Q6A7	R6MIH8
A0A1S1V641	A0A1S1V641
A0A1Y5RZ15	A0A1Y5RZ15
A0A1Y5RZ15	A0A5P2ZP17
A0A3B0PVY9	A0A3B0PVY9
A0A5P9HTA7	A0A5P9HTA7
A0A8G2HRI5	A0A8G2HRI5
R7FUQ9	R7FUQ9
A0A1I0SEW6	A0A1I0SEW6
A0A1I0SEW6	A0A023CM44
A0A1I0SEW6	A0A0K9HJT9
A0A1I0SEW6	A0A167TXF5
A0A1I0SEW6	A0A8F5H5D1
A0A1I0SEW6	L8A0L5
A0A1I0SEW6	A0A1Q5T3B5
A0A1I0SEW6	A0A846MIT6
A0A1I0SEW6	A0A561X512
A0A1I0SEW6	A0A0N0I8E6
A0A1I0SEW6	A0A178TYG3
A0A1I0SEW6	Q5KX60
A0A1I0SEW6	S7SSN5
A0A1I0SEW6	A0A7V9YWU2
A0A1I0SEW6	A0A023DAS0
A0A1I0SEW6	A0A7V9Z3T7
A0A1I0SEW6	A0A150LJG3
A0A1I0SEW6	A0A377G2Y2
A0A1I0SEW6	A0A0D8BW35
A0A1I0SEW6	A0A7W8IS51
A0A1I0SEW6	A0A806TM40
A0A1I0SEW6	A0A8D3WX05
A0A1I0SEW6	D5DMI3
A0A1I0SEW6	A0A1I2Q0D3
A0A1I0SEW6	C5D4B8
A0A1I0SEW6	A0A150MMY1
A0A1I0SEW6	A0A285CK79
A0A1I0SEW6	A0A150M8G4
A0A1I0SEW6	A0A4R1QCX3
A0A1I0SEW6	A0A1I0SRQ5
A0A1I0SEW6	A0A7W0HIF8
A0A1I0SEW6	A0A0D0HPZ0
A0A1I0SEW6	A0A0D0R1P8
A0A1I0SEW6	A0A7W8JF50
A0A1I0SEW6	A0A7W9YPJ7
A0A1I0SEW6	A0A0B0HLQ8
A0A1I0SEW6	A0A327YPC6
A0A1I0SEW6	A0A1H0VCK7
A0A1I0SEW6	A0A840DVG7
A0A1I0SEW6	A0A0B0HUJ2
A0A1I0SEW6	A0A167T8X6
A0A1I0SEW6	A0A366EKZ1
A0A1I0SEW6	A0A0V8HMP4
A0A1I0SEW6	A0A370GL28
A0A1I0SEW6	A0A561DLU9
A0A1I0SEW6	Q2B5V4
A0A1I0SEW6	L5NFE9
A0A1I0SEW6	A0A1H3YWN1
A0A1I0SEW6	A0A285SL59
A0A1I0SEW6	A0A1I0DL10
A0A1I0SEW6	A0A1G8VRU2
A0A1I0SEW6	A0A285UBJ1
A0A1I0SEW6	W1SBK2
A0A1I0SEW6	A0A1H8ZLC7
A0A1I0SEW6	A0A1H0CPS7
A0A1I0SEW6	A0A3N5BGA6
A0A1I0SEW6	A0A4R3NA51
A0A1I0SEW6	A0A1G9WB87
A0A1I0SEW6	A0A1I1UE60
A0A1I0SEW6	I8UC56
A0A1I0SEW6	A0A1I1V2S0
A0A1I0SEW6	A0A1I4IPR4
A0A1I0SEW6	A0A0U9H5T9
A0A1I0SEW6	A0A024QBE7
A0A1I0SEW6	C6IWP5
A0A1I0SEW6	A0A1M7PY33
A0A1I0SEW6	D3FTN6
A0A1I0SEW6	K6DPG2
A0A1I0SEW6	A0A841RL06
A0A1I0SEW6	A0A1M5CKY2
A0A1I0SEW6	A0A1I1IZ43
A0A1I0SEW6	A0A3Q9RQE4
A0A1I0SEW6	N0B2S2
A0A1I0SEW6	A0A1G9R611
A0A1I0SEW6	A0A090IVB1
A0A1I0SEW6	A0A1I3XVR6
A0A1I0SEW6	A0A7X0HQJ5
A0A1I0SEW6	A0A380XY66
A0A1I0SEW6	A0A2V2ZZD1
A0A1I0SEW6	A0A1I6BFH2
A0A1I0SEW6	W7L089
A0A1I0SEW6	A0A1H0S7C2
A0A1I0SEW6	A0A561DSW2
A0A1I0SEW6	E5WIJ9
A0A1I0SEW6	A0A366JXJ5
A0A1I0SEW6	A0A562JCZ8
A0A1I0SEW6	A0A852TAS5
A0A1I0SEW6	R9C3A4
A0A1I0SEW6	A0A0D0EMK1
A0A1I0SEW6	A0A0D0FGE3
A0A1I0SEW6	A0A0D0G2T0
A0A1I0SEW6	A0A024P518
A0A1I0SEW6	I0JJQ9
A0A1I0SEW6	A0A6L5AZT3
A0A1I0SEW6	I3DX87
A0A1I0SEW6	A0A1I2TFG7
A0A1I0SEW6	I3EAG6
A0A1I0SEW6	K6C563
A0A1I0SEW6	A0A800MU00
A0A1I0SEW6	A0A1H8K337
A0A1I0SEW6	A0A090ZH68
A0A1I0SEW6	W4RNA6
A0A1I0SEW6	A0A098F4Q8
A0A1I0SEW6	A0A4V2RBY8
A0A1I0SEW6	A0A0A8X4H2
A0A1I0SEW6	A0A841Q322
A0A1I0SEW6	K6DQP7
A0A1I0SEW6	Q8EQG9
A0A1I0SEW6	A0A072NJA5
A0A1I0SEW6	A0A1H9NWM4
A0A1I0SEW6	A0A0U1P1I6
A0A1I0SEW6	A0A4R2PA66
A0A1I0SEW6	A0A0F5I6S9
A0A1I0SEW6	A0A0C2XWA3
A0A1I0SEW6	A6CRC9
A0A1I0SEW6	A0A0B0HRE6
A0A1I0SEW6	A0A098F122
A0A1I0SEW6	A0A2X4WG16
A0A1I0SEW6	A0A5P9HRG6
A0A1I0SEW6	A0A5Q2N741
A0A1I0SEW6	A0A1Y6FZ90
A0A1I0SEW6	A0A3N6B640
A0A1I0SEW6	A0A1X7CYH2
A0A1I0SEW6	R7ZAP0
A0A1I0SEW6	A0A561CZ37
A0A1I0SEW6	A0A1C3SFZ9
A0A1I0SEW6	A0A1Y0XKI8
A0A1I0SEW6	A0A6C1W0B4
A0A1I0SEW6	A0A7Z0WWS2
A0A1I0SEW6	A0A4Q7QSL7
A0A1I0SEW6	A0A1G8WUP1
A0A1I0SEW6	A0A4R6U5D9
A0A1I0SEW6	B1HNT4
A0A1I0SEW6	A0A1H9L2R6
A0A1I0SEW6	A0A828ZBQ5
A0A1I0SEW6	A0A1H9PHL0
A0A1I0SEW6	K1KTG7
A0A1I0SEW6	A0A2X0YRU6
A0A1I0SEW6	A0A1I6ADW3
A0A1I0SEW6	W4VF76
A0A1I0SEW6	A0A1H9QAI0
A0A1I0SEW6	A0A1H0B574
A0A1I0SEW6	A0A1H0EYE0
A0A1I0SEW6	W9AHF5
A0A1I0SEW6	A0A852T807
A0A1I0SEW6	A0A1H1BWC1
A0A1I0SEW6	N4WBM4
A0A1I0SEW6	A0A368XIR2
A0A1I0SEW6	A0A852UPA4
A0A1I0SEW6	Q03415
A0A1I0SEW6	A0A1T5FFL5
A0A1I0SEW6	A0A3Q9RJY4
A0A1I0SEW6	A0A2S5CUN3
A0A1I0SEW6	A0A2A9CI77
A0A1I0SEW6	A0A072NN92
A0A1I0SEW6	K6CUT2
A0A1I0SEW6	A0A1I0VFX2
A0A3D0XRE2	A0A3D0XRE2
A0A7S8CCP0	A0A7S8CCP0
A0A1C5P5B2	A0A1C5P5B2
A0A1C5P5B2	A0A1C5UGB9
A0A1C6BYD8	A0A1C6BYD8
A0A1J5NGT2	A0A1J5NGT2
A0A1J5NGT2	A0A2T0AMB1
A0A1J5NGT2	A0A1J5JJ55
A0A1J5NGT2	A0A151AQ07
A0A1V5L937	A0A1V5L937
A0A1X9MEU0	A0A1X9MEU0
A0A1X9MEU0	W4QZB3
A0A4P6LVN5	A0A4P6LVN5
A0A5J4J4S3	A0A5J4J4S3
A0A6N2XN37	A0A6N2XN37
A0A8B3GTJ6	A0A8B3GTJ6
A0A8B3GTJ6	A0A1S2AZH6
A0A8B3GTJ6	A0A422M9G4
A0A143X992	A0A143X992
A0A378YYK5	A0A378YYK5
A0A378YYK5	A0A239SK73
A0A378YYK5	A0A378YZD1
A0A378YYK5	A0A2P6UX63
A0A378YYK5	A0A5E4ZCS8
C0QS73	C0QS73
A0A0S2HUS6	A0A0S2HUS6
A0A1V4XZT9	A0A1V4XZT9
A0A1V4XZT9	A0A1V5E4M0
A0A1V4XZT9	A0A1V4XFC1
A0A1V4XZT9	A0A1V4XGM6
A0A4R7RUE4	A0A4R7RUE4
D6YTN7	D6YTN7
A0A1C5PI34	A0A1C5PI34
A0A1V5LKA0	A0A1V5LKA0
A0A1X9MM83	A0A1X9MM83
A0A2K8P6E0	A0A2K8P6E0
A0A4P6LW61	A0A4P6LW61
A0A6N3DKK2	A0A6N3DKK2
A0A1H0BU55	A0A1H0BU55
A0A1H0BU55	A0A4Y8IGZ6
A0A1I6K6U8	A0A1I6K6U8
A0A1I6K6U8	A0A1I0IK82
A0A554JQZ9	A0A554JQZ9
A0A7U9QYQ8	A0A7U9QYQ8
A0A7U9QYQ8	A0A7U9SZ82
A0A143ZTT5	A0A143ZTT5
A0A161X8H2	A0A161X8H2
A0A1V5U0D9	A0A1V5U0D9
A0A379LHS6	A0A379LHS6
A0A1E3KVD0	A0A1E3KVD0
A0A847C7J3	A0A847C7J3
A0A0P1GRQ5	A0A0P1GRQ5
A0A0P1GRQ5	A0A1X6ZSK6
A0A0P1GRQ5	A0A5P9GKQ9
A0A0P1GRQ5	A0A1V1UEM7
A0A0P1GRQ5	A0A5E7Z577
A0A0P1GRQ5	A0A1V0RQE5
A0A0P1GRQ5	A0A0P1GV93
A0A0P1GRQ5	A0A6V6ZJ24
A0A0P1GRQ5	A0A0N7LV48
A0A0P1GRQ5	A0A1Y5SV03
A0A1C6JX73	A0A1C6JX73
A0A1V2RDC0	A0A1V2RDC0
A0A1V5Y4F6	A0A1V5Y4F6
A0A222E1P0	A0A222E1P0
A0A222E1P0	A0A3B0MNS8
A0A222E1P0	A0A132BY88
A0A222E1P0	A0A0T5PF31
A0A222E1P0	A0A0U1NJW4
A0A222E1P0	A0A1X6ZDZ1
A0A222E1P0	A0A238KNG9
A0A222E1P0	A0A1Y5SQX6
A0A222E1P0	A0A0K0Y198
A0A222E1P0	A0A1Y5S1E6
A0A222E1P0	A0A238KB60
A0A222E1P0	A0A238LFJ1
A0A222E1P0	A0A1X6YM75
A0A222E1P0	A0A238JL50
A0A2P4UJ83	A0A2P4UJ83
A0A376EMN6	A0A376EMN6
A0A376EMN6	A0A239VVM8
A0A3P5WV69	A0A3P5WV69
S7U7G8	S7U7G8
A0A1H4B6J9	A0A1H4B6J9
A0A1H4B6J9	A0A1I2Q7B9
A0A1I2BS16	A0A1I2BS16
A0A857JNU5	A0A857JNU5
A0A0D0HNG2	A0A0D0HNG2
A0A0D0HNG2	A0A0D0Q9I3
A0A1V5W6F5	A0A1V5W6F5
A0A2L2WTV2	A0A2L2WTV2
A0A098EJJ4	A0A098EJJ4
A0A1V5WC85	A0A1V5WC85
A0A380BF02	A0A380BF02
A0A173U4W7	A0A173U4W7
A0A1C6JYE1	A0A1C6JYE1
A0A1C6JYE1	A0A1C5YJA9
A0A376GF05	A0A376GF05
A0A376GF05	A0A383TZK3
A0A4Y7RYV5	A0A4Y7RYV5
A0A4Y7RYV5	A0A1V5BK93
A0A4Y7RYV5	A0A1V5BU00
A0A4Y7RYV5	A0A4Y7RUU4
A0A4Y7RYV5	A0A1V4W1P0
A0A4Y7RYV5	A0A4Y7R6N3
A0A4Y7RYV5	A0A1V5NVM4
A0A971NJL2	A0A971NJL2
A0A0D0EWW0	A0A0D0EWW0
A0A0D0EWW0	A0A0D0FND7
A0A1C6JJG3	A0A1C6JJG3
A0A1C6JJG3	A0A7U9NG69
A0A348AMB8	A0A348AMB8
Q67P41	Q67P41
Q67P41	A0A1M6AM16
Q67P41	A0A1G8EKC8
A0A1M6HTI5	A0A1M6HTI5
A0A1M6HTI5	A0A1I3GQ51
A0A1M6HTI5	A0A1G5S0Z7
A0A6N7B0I0	A0A6N7B0I0
A0A0B0I0E4	A0A0B0I0E4
A0A0B0I0E4	A0A0B0I7I5
A0A174ZGT3	A0A174ZGT3
A0A1V5R6H8	A0A1V5R6H8
A0A2K4ZQP4	A0A2K4ZQP4
A0A4P1JX53	A0A4P1JX53
A0A4P1JX53	A0A1E3H803
A0A4P1JX53	A0A2R8AL22
A0A4P1JX53	A0A1X6YPN7
A0A4P1JX53	A0A0P1I474
A0A4P1JX53	A0A5P9F9A1
A0A4P1JX53	A0A238JXQ8
A0A4P1JX53	A0A6V6ZML8
A0A4P1JX53	A0A5J4E057
A0A7Z0VHT7	A0A7Z0VHT7
A0A1C5S0Y9	A0A1C5S0Y9
A0A1C5S0Y9	A0A1C5VKW1
A0A1C5S0Y9	A0A6N2X1N5
A0A1C5S0Y9	A0A1C5LUC3
A0A1C5S0Y9	A0A174QFW1
A0A1C5S0Y9	A0A1C6JJA5
A0A1C5S0Y9	A0A329TNF5
A0A1C5S0Y9	A0A143X3H5
A0A1C5S0Y9	A0A174TKR8
A0A1C5S0Y9	A0A1C5MU36
A0A1C5S0Y9	A0A1C6JM90
A0A1C5S0Y9	A0A564USV1
A0A1C5S0Y9	A0A1C6HVD0
A0A1C5S0Y9	A0A1C6J7E2
A0A1C5S0Y9	A0A1C6IBE4
A0A1C5S0Y9	A0A2K4ZD75
A0A1C5S0Y9	A0A1C5WD06
A0A1C5S0Y9	A0A1C5WT81
A0A1V5RMR7	A0A1V5RMR7
A0A1C3RCD0	A0A1C3RCD0
V7PZ44	V7PZ44
A0A1C5SKU4	A0A1C5SKU4
A0A1C6JRH7	A0A1C6JRH7
A0A1C6JRH7	A0A1C5PVG7
A0A1C6JRH7	A0A1C5RZK9
A0A1C6JRH7	A0A1G5I9T4
A0A1V5Y434	A0A1V5Y434
A0A369QGF4	A0A369QGF4
H0U7A9	H0U7A9
H0U7A9	A0A075R7A2
H0U7A9	A0A919WG98
H0U7A9	A0A6C1VWQ9
A0A1M6MFD1	A0A1M6MFD1
A0A1M6MFD1	A0A841KYX2
A0A7V8FF20	A0A7V8FF20
A0A7V8FF20	A0A562L7A1
A0A1A6AKX1	A0A1A6AKX1
A0A1V5U177	A0A1V5U177
A0A2K9E0S4	A0A2K9E0S4
A0A4V2DZ80	A0A4V2DZ80
A0A7R7E2C2	A0A7R7E2C2
A0A8A0RIS4	A0A8A0RIS4
A0A8A0RIS4	A0A162M7N2
A0A1C5LM33	A0A1C5LM33
A0A1C5LM33	A0A1C5VR62
A0A1V5XI10	A0A1V5XI10
A0A4Y7RB34	A0A4Y7RB34
A0A4Y7RB34	A0A1V4VXS9
A0A0A5FX53	A0A0A5FX53
A0A1C5VXA3	A0A1C5VXA3
A0A1C5VXA3	A0A1C6AVJ4
A0A1C5VXA3	A0A564W7U7
A0A1C5VXA3	A0A1C5YKF1
A0A1C5VXA3	A0A1C5YW32
A0A1C5VXA3	A0A174GWM5
A0A1C5VXA3	A0A1C6ATA7
A0A1C5VXA3	A0A1C6BST3
A0A1C5VXA3	A0A1C6DPK9
A0A1C5VXA3	A0A6N2T144
A0A1C5VXA3	A0A6N2XWA2
A0A1C5VXA3	A0A1C6IK15
A0A1C5VXA3	A0A1C5P7X1
A0A1C5VXA3	A0A1C5Y7C6
A0A1C5VXA3	A0A1C5ZVE5
A0A1C5VXA3	A0A174R1Z8
A0A1C5VXA3	A0A1C5RYM2
A0A1C5VXA3	A0A1C6FHB1
A0A380MAT3	A0A380MAT3
A0A380MAT3	A0A0W1KLI1
A0A5P9HKW0	A0A5P9HKW0
A0A1E3KYV2	A0A1E3KYV2
A0A3P3XI41	A0A3P3XI41
A0A173U6N6	A0A173U6N6
A0A173U6N6	A0A173T002
A0A1C6K4M9	A0A1C6K4M9
A0A1V4IFT6	A0A1V4IFT6
A0A1V4IFT6	A0A161XER4
A0A1V4IFT6	A0A162L9K6
A0A1V5Y675	A0A1V5Y675
A0A238K9X1	A0A238K9X1
A0A238K9X1	A0A0L6CR67
A0A238K9X1	A0A1X6Z943
A0A238K9X1	A0A0P1E815
A0A238K9X1	A0A0P1EHJ1
A0A238K9X1	A0A0P1IV56
A0A238K9X1	A0A2R8C2Y1
A0A2R2W5C2	A0A2R2W5C2
A0A509EHP3	A0A509EHP3
A0A509EHP3	A0A564FTZ9
A0A509EHP3	A0A0A1Q409
A0A509EHP3	A0A8F7ZJ53
A0A509EHP3	A0A0H5BEK4
A0A509EHP3	A0A380W5X6
A0A509EHP3	A0A539CXW5
A0A1H4GUM1	A0A1H4GUM1
A0A1I2NVF2	A0A1I2NVF2
A0A3N1XRM1	A0A3N1XRM1
A0A3N1XRM1	A0A7U6QII7
A0A410P2Z4	A0A410P2Z4
A0A1C5MEG6	A0A1C5MEG6
A0A1V5Y1B4	A0A1V5Y1B4
A0A2R2W7J9	A0A2R2W7J9
A0A0A6UJ44	A0A0A6UJ44
A0A0A6UJ44	A0A101JQ18
A0A0A6UJ44	G8S0L0
A0A0A6UJ44	A0A1K0GG71
A0A0A6UJ44	A0A428XFJ7
A0A0A6UJ44	A0A7Y0JTR7
A0A0A6UJ44	A0A7Y0JSX6
A0A173VAM1	A0A173VAM1
A0A1V5X8L6	A0A1V5X8L6
A0A381EB14	A0A381EB14
A0A5P9HN22	A0A5P9HN22
A0A806TIM2	A0A806TIM2
A0A348AM59	A0A348AM59
A0A348AM59	A0A212LYI5
A0A348AM59	A0A259UTZ6
A0A348AM59	A0A1U7MF44
A0A348AM59	A0A259UN74
A0A174JNK9	A0A174JNK9
A0A1V4SPZ7	A0A1V4SPZ7
A0A6M1ZQ73	A0A6M1ZQ73
A0A254NPA3	A0A254NPA3
A0A254NPA3	A0A4Y6UV87
A0A254NPA3	A0A6B0GZA1
A0A254NPA3	A0A4U3FMG5
A0A254NPA3	A0A1E3L4F7
A0A254NPA3	A0A1H4DWY8
A0A316LKK8	A0A316LKK8
A0A316LKK8	A0A926E6B6
A0A316LKK8	A0A413G4S5
A0A316LKK8	A0A926IJ38
A0A316LKK8	A0A6N2V297
A0A316LKK8	A0A3B9VTI7
A0A316LKK8	A0A3C1LY33
A0A316LKK8	A0A926I4N9
A0A316LKK8	A0A498CNA2
A0A316LKK8	A0A928LPM8
A0A316LKK8	A0A845RI86
A0A316LKK8	A0A845SXI2
A0A316LKK8	A0A1Y4MUN7
A0A316LKK8	A0A940NV69
A0A316LKK8	A0A143ZRA8
A0A316LKK8	A0A1H8CKK5
A0A316LKK8	A0A926EA13
A0A316LKK8	A0A7X1I8W2
A0A316LKK8	A0A6B1UGE1
A0A0F4VXA8	A0A0F4VXA8
A0A0F4VXA8	A0A6N3EZH1
A0A0F4VXA8	C4ICL4
A0A1C5YXG5	A0A1C5YXG5
A0A1C5YXG5	A0A1C5NIL5
A0A1C5YXG5	A0A1E3AR49
A0A1X1FCW7	A0A1X1FCW7
A0A1X1FCW7	A0A1E7XCQ5
A0A1X1FCW7	A0A6G9Q5B6
A0A249PIE4	A0A249PIE4
A0A380WV11	A0A380WV11
A3TVW4	A3TVW4
R5UM07	R5UM07
R5UM07	R5YCS1
R5UM07	A0A173SF50
A0A1H8RXI3	A0A1H8RXI3
A0A916NI20	A0A916NI20
A0A1C6KAV1	A0A1C6KAV1
A0A1C6KAV1	A0A1C6GSN7
A0A1C6KAV1	A0A1C5RUP2
A0A348AMN4	A0A348AMN4
A0A8G2M587	A0A8G2M587
A0A8G2M587	A0A378PBG3
A0A1V4W7S5	A0A1V4W7S5
A0A486XN99	A0A486XN99
A0A6M1ZTL2	A0A6M1ZTL2
A0A2A5RNG4	A0A2A5RNG4
A0A2A5RNG4	S6FH66
A0A4P8XX18	A0A4P8XX18
A0A4P8XX18	A0A354HLF6
A0A8B4Q8P9	A0A8B4Q8P9
A0A1Z5IV70	A0A1Z5IV70
A0A0F0CIG8	A0A0F0CIG8
A0A0F0CIG8	A0A1C5RWI8
A0A0F0CIG8	A0A6N3I4R8
A0A151B4C5	A0A151B4C5
A0A151B4C5	A0A2T0B383
A0A151B4C5	A0A829IB11
A0A151B4C5	A0A1V4I6Q7
A0A151B4C5	A0A0E1KUF3
A0A151B4C5	A0A1G9HCL7
A0A151B4C5	A0A2T0BM97
A0A151B4C5	A0A2S6FZJ5
A0A151B4C5	A0A166S1R3
A0A151B4C5	W6N2U8
A0A151B4C5	A0A168LMG5
A0A151B4C5	A0A4P8A716
A0A151B4C5	A0A1A6AUL8
A0A151B4C5	K0B115
A0A151B4C5	A0A0F2JDV4
A0A151B4C5	A0A1J1CV19
A0A151B4C5	A0A1L3NIS2
A0A151B4C5	A0A7U4JN00
A0A151B4C5	K4L614
A0A151B4C5	A0A1M4M1X6
A0A151B4C5	Q897X5
A0A151B4C5	F0T1Z5
A0A151B4C5	A0A0H3J291
A0A151B4C5	A0A6N8I3S6
A0A151B4C5	A0A1V4VZW8
A0A151B4C5	A0A0L0WEJ1
A0A151B4C5	A0A1M5NG66
A0A151B4C5	A0A1M4N9R0
A0A151B4C5	A0A140L0M6
A0A151B4C5	A0A1T5M7A5
A0A151B4C5	A0A1M6M092
A0A151B4C5	A0A1W1VF64
A0A151B4C5	A0A1V5XFJ6
A0A151B4C5	A0A4R2KN88
A0A151B4C5	A0A841KWI1
A0A151B4C5	A0A1M6DJP2
A0A151B4C5	A0A4R3MQW4
A0A151B4C5	A0A1M5TG71
A0A151B4C5	A0A239ZDL2
A0A151B4C5	A0A2X2VZ08
A0A151B4C5	A0A1V5LXY7
A0A151B4C5	A0A1M5R8C5
A0A151B4C5	A0A1M6N4A9
A0A151B4C5	A0A366I736
A0A151B4C5	A0A369ATX5
A0A151B4C5	G8LTS1
A0A151B4C5	W4V799
A0A151B4C5	A0A2K9EB27
A0A151B4C5	A0A0P8X0D7
A0A151B4C5	A0A542AHG0
A0A151B4C5	A0A1M6KDJ0
A0A151B4C5	A0A4U9RNW5
A0A151B4C5	A0A1H3MYD6
A0A151B4C5	A0A078KUT8
A0A151B4C5	A0A1M5WWJ8
A0A151B4C5	A0A1V5Y4P5
A0A151B4C5	A0A1W1ZZ31
A0A151B4C5	A0A4R1S001
A0A1V4W7B7	A0A1V4W7B7
A0A1V6EIC9	A0A1V6EIC9
A0A239XCD8	A0A239XCD8
A0A239XCD8	A0A448LNM2
A0A239XCD8	A0A381FNH2
A0A239XCD8	A0A381JRI8
A0A239XCD8	A0A2X2X0R9
A0A239XCD8	A0A4U8WEF7
A0A239XCD8	A0A1T3EBH4
A0A239XCD8	A0A1A7KNR6
A0A239XCD8	A0A3S4N4G2
A0A239XCD8	A0A448NS63
A0A239XCD8	A0A4V1AKT9
A0A239XCD8	A0A1S7DSV7
A0A380MYU4	A0A380MYU4
A0A518LP88	A0A518LP88
A0A927LH80	A0A927LH80
R5RQM8	R5RQM8
R5RQM8	R6LZ75
R5RQM8	R6LRL2
R5RQM8	A0A1C6H3I5
R5RQM8	A0A1C6GQL8
R5RQM8	A0A143Y3F3
R5RQM8	A0A173TWP3
A0A1I3NBR2	A0A1I3NBR2
A0A1I3NBR2	A0A7U6KCS8
A0A285HCD2	A0A285HCD2
A0A285HCD2	A0A938XT06
A0A285HCD2	A0A4R8GQV4
A0A285HCD2	A0A1T4KRP6
A0A916CW89	A0A916CW89
A0A2T0B125	A0A2T0B125
A0A0J1FCW4	A0A0J1FCW4
A0A1X9M9P6	A0A1X9M9P6
A0A3P5XFW8	A0A3P5XFW8
A0A6M1Z3X0	A0A6M1Z3X0
A0A6M1Z3X0	A0A6M2A279
